point_id,point_title,fecha,total,prev_total,diff,pulses,prev_pulses,hours_diff,tipo
2,P4,2026-05-15 20:00:00+00:00,0,465997,-465997,0,0,1.00000000000000000000,BAJADA_SIN_EXPLICACION
3,San Vicente de Tagua Tagua,2026-05-18 14:00:00+00:00,1561850,3116140,-1554290,1561850,1561720,1.00000000000000000000,CORRECCION_HOY
4,P1,2026-05-15 20:00:00+00:00,0,817376,-817376,0,0,1.00000000000000000000,BAJADA_SIN_EXPLICACION
5,P2,2026-05-15 20:00:00+00:00,0,107731,-107731,0,0,1.00000000000000000000,BAJADA_SIN_EXPLICACION
6,P3,2026-05-15 20:00:00+00:00,0,1189602,-1189602,0,0,1.00000000000000000000,BAJADA_SIN_EXPLICACION
7,P4,2026-05-15 20:00:00+00:00,0,27341,-27341,0,0,1.00000000000000000000,BAJADA_SIN_EXPLICACION
8,P1,2026-05-15 20:00:00+00:00,2173,4942,-2769,0,0,1.00000000000000000000,BAJADA_SIN_EXPLICACION
8,P1,2026-05-16 04:00:00+00:00,0,2173,-2173,28838,28838,1.00000000000000000000,BAJADA_SIN_EXPLICACION
12,Cerrillos,2026-05-18 14:00:00+00:00,408781,817447,-408666,408781,408781,1.00000000000000000000,CORRECCION_HOY
16,C9,2026-05-18 14:00:00+00:00,104434,313302,-208868,104434,104434,1.00000000000000000000,CORRECCION_HOY
17,S1,2026-05-18 14:00:00+00:00,555748,1106483,-550735,555748,555674,1.00000000000000000000,CORRECCION_HOY
18,S2,2026-05-18 14:00:00+00:00,372650,742515,-369865,372650,372608,1.00000000000000000000,CORRECCION_HOY
20,P1,2026-05-16 04:00:00+00:00,0,2813,-2813,15437,15414,1.00000000000000000000,BAJADA_SIN_EXPLICACION
21,Malla 3(Cancha riego 1),2026-05-18 14:00:00+00:00,142898,285040,-142142,142898,142879,1.00000000000000000000,CORRECCION_HOY
22,Pozo Profundo,2026-05-18 14:00:00+00:00,5,14,-9,46,46,1.00000000000000000000,CORRECCION_HOY
23,Malla 1(SALA BOMBA),2026-05-10 04:00:00+00:00,0,4,-4,0,0,1.00000000000000000000,BAJADA_SIN_EXPLICACION
23,Malla 1(SALA BOMBA),2026-05-18 14:00:00+00:00,4,16,-12,4,4,1.00000000000000000000,CORRECCION_HOY
24,Venecia 2,2026-05-16 04:00:00+00:00,0,3499,-3499,10814,10814,1.00000000000000000000,BAJADA_SIN_EXPLICACION
24,Venecia 2,2026-05-18 14:00:00+00:00,3499,4581,-1082,10814,10814,1.00000000000000000000,CORRECCION_HOY
25,Venecia 1,2026-05-16 04:00:00+00:00,0,19213,-19213,36533,36533,1.00000000000000000000,BAJADA_SIN_EXPLICACION
26,Monte Aguila - Sondaje 256,2026-05-18 14:00:00+00:00,200706,400494,-199788,200706,200687,1.00000000000000000000,CORRECCION_HOY
30,Quilaco - Sondaje 1017,2026-05-18 14:00:00+00:00,761247,2283741,-1522494,761247,761247,1.00000000000000000000,CORRECCION_HOY
34,Huepil - Sondaje 229,2026-05-18 14:00:00+00:00,2978,5950,-2972,2978,2978,1.00000000000000000000,CORRECCION_HOY
43,Rancagua Machali - Sondaje 1497,2026-05-18 14:00:00+00:00,151476,302952,-151476,151476,151476,1.00000000000000000000,CORRECCION_HOY
45,San Fernando - Dren Antivero,2026-05-18 14:00:00+00:00,75,150,-75,75,75,1.00000000000000000000,CORRECCION_HOY
47,Pichilemu - Dren Nilahue,2026-05-18 14:00:00+00:00,4431445,4848640,-417195,139065,139065,1.00000000000000000000,CORRECCION_HOY
53,Tilcoco,2026-05-18 14:00:00+00:00,91,182,-91,91,91,1.00000000000000000000,CORRECCION_HOY
54,Morza 1,2026-05-18 14:00:00+00:00,22,44,-22,22,22,1.00000000000000000000,CORRECCION_HOY
55,Morza 2,2026-05-18 14:00:00+00:00,407,814,-407,407,407,1.00000000000000000000,CORRECCION_HOY
57,P1,2026-05-15 20:00:00+00:00,0,163759,-163759,0,0,1.00000000000000000000,BAJADA_SIN_EXPLICACION
59,P3,2026-05-16 04:00:00+00:00,0,105612,-105612,227,227,1.00000000000000000000,BAJADA_SIN_EXPLICACION
61,Planta 1 P1,2026-05-15 19:00:00+00:00,0,21456,-21456,0,0,0.06666666666666666667,BAJADA_SIN_EXPLICACION
62,Planta 2 P1,2026-05-15 19:00:00+00:00,0,112156,-112156,0,0,0.06666666666666666667,BAJADA_SIN_EXPLICACION
63,Complejo Industrial P1,2026-05-15 19:00:00+00:00,0,16158,-16158,0,0,0.06666666666666666667,BAJADA_SIN_EXPLICACION
64,Campo Deportivo,2026-05-15 19:00:00+00:00,0,10398,-10398,0,0,0.05000000000000000000,BAJADA_SIN_EXPLICACION
65,P2,2026-05-10 07:00:00+00:00,0,118363,-118363,0,0,1.00000000000000000000,BAJADA_SIN_EXPLICACION
65,P2,2026-05-18 14:00:00+00:00,122827,243930,-121103,122827,122780,1.00000000000000000000,CORRECCION_HOY
67,Pozo 1,2026-05-18 14:00:00+00:00,179052,358084,-179032,179052,179052,1.00000000000000000000,CORRECCION_HOY
72,P08,2026-05-18 14:00:00+00:00,74,222,-148,74,74,1.00000000000000000000,CORRECCION_HOY
75,P4,2026-05-18 14:00:00+00:00,72130,216390,-144260,72130,72130,1.00000000000000000000,CORRECCION_HOY
77,P 2,2026-05-18 14:00:00+00:00,43124,84207,-41083,43124,42979,1.00000000000000000000,CORRECCION_HOY
78,P 1,2026-05-18 14:00:00+00:00,43463,84962,-41499,43463,43409,1.00000000000000000000,CORRECCION_HOY
80,Pozo 2,2026-05-18 14:00:00+00:00,62,124,-62,62,62,1.00000000000000000000,CORRECCION_HOY
81,Pozo 3,2026-05-18 14:00:00+00:00,713580,1427160,-713580,713580,713580,1.00000000000000000000,CORRECCION_HOY
86,Codegua,2026-05-18 14:00:00+00:00,78275,156550,-78275,782752,782752,1.00000000000000000000,CORRECCION_HOY
87,San Fernando,2026-05-15 20:00:00+00:00,196521,198283,-1762,0,0,1.00000000000000000000,BAJADA_SIN_EXPLICACION
87,San Fernando,2026-05-16 04:00:00+00:00,0,196521,-196521,2573,2525,1.00000000000000000000,BAJADA_SIN_EXPLICACION
88,Lontue,2026-05-15 20:00:00+00:00,0,43863,-43863,0,0,1.00000000000000000000,BAJADA_SIN_EXPLICACION
93,Cisne,2026-05-18 14:00:00+00:00,463574,927148,-463574,463574,463574,1.00000000000000000000,CORRECCION_HOY
94,Pelarco,2026-05-18 14:00:00+00:00,319090,638180,-319090,319090,319090,1.00000000000000000000,CORRECCION_HOY
95,Morza,2026-05-18 14:00:00+00:00,446548,893096,-446548,446548,446548,1.00000000000000000000,CORRECCION_HOY
103,Diteco,2026-05-18 14:00:00+00:00,1971,3942,-1971,1971,1971,1.00000000000000000000,CORRECCION_HOY
104,Polykarpo,2026-05-18 14:00:00+00:00,6694,13388,-6694,6694,6694,1.00000000000000000000,CORRECCION_HOY
109,P5,2026-05-18 14:00:00+00:00,245194,490388,-245194,245194,245194,1.00000000000000000000,CORRECCION_HOY
114,Planta Graneros,2026-05-18 14:00:00+00:00,241436,482634,-241198,241436,241436,1.00000000000000000000,CORRECCION_HOY
116,P2,2026-05-18 14:00:00+00:00,23078,46156,-23078,23078,23078,1.00000000000000000000,CORRECCION_HOY
117,LDA,2026-05-01 23:00:00+00:00,0,5423,-5423,0,0,1.00000000000000000000,BAJADA_SIN_EXPLICACION
127,P3,2026-05-10 06:00:00+00:00,0,15576,-15576,0,0,1.00000000000000000000,BAJADA_SIN_EXPLICACION
129,P5,2026-05-13 16:00:00+00:00,16603,66371,-49768,16603,6467,1.00000000000000000000,BAJADA_SIN_EXPLICACION
129,P5,2026-05-18 14:00:00+00:00,37571,56381,-18810,18810,18810,1.00000000000000000000,CORRECCION_HOY
130,Las Liras,2026-05-15 20:00:00+00:00,0,16733,-16733,0,0,1.00000000000000000000,BAJADA_SIN_EXPLICACION
132,Pablo Neruda 2,2026-05-18 14:00:00+00:00,240734,481468,-240734,2407339,2407339,1.00000000000000000000,CORRECCION_HOY
134,Curico P82,2026-05-18 14:00:00+00:00,156419,312147,-155728,156419,156389,1.00000000000000000000,CORRECCION_HOY
135,Romeral P6013,2026-05-18 14:00:00+00:00,1553124,3105246,-1552122,1553124,1553028,1.00000000000000000000,CORRECCION_HOY
136,Buen Retiro P1.1,2026-05-18 14:00:00+00:00,36816,73632,-36816,36816,36816,1.00000000000000000000,CORRECCION_HOY
140,Pesqueras 3,2026-05-18 14:00:00+00:00,215295,430184,-214889,2152951,2152850,1.00000000000000000000,CORRECCION_HOY
141,Pesqueras 4,2026-05-18 14:00:00+00:00,16223550,32363950,-16140400,162235500,162219600,1.00000000000000000000,CORRECCION_HOY
146,PF Renca,2026-05-15 19:00:00+00:00,11,246,-235,0,0,0.06666666666666666667,BAJADA_SIN_EXPLICACION
146,PF Renca,2026-05-16 04:00:00+00:00,0,286,-286,275,275,0.08333333333333333333,BAJADA_SIN_EXPLICACION
148,P3,2026-05-15 20:00:00+00:00,1518,3664,-2146,0,0,1.00000000000000000000,BAJADA_SIN_EXPLICACION
149,P1,2026-05-15 20:00:00+00:00,0,60243,-60243,0,0,1.00000000000000000000,BAJADA_SIN_EXPLICACION
151,Pozo 1,2026-05-15 20:00:00+00:00,0,210822,-210822,0,0,1.00000000000000000000,BAJADA_SIN_EXPLICACION
152,P2,2026-05-18 14:00:00+00:00,12375,24750,-12375,12375,12375,1.00000000000000000000,CORRECCION_HOY
156,Selva Negra,2026-05-15 20:00:00+00:00,0,2704,-2704,0,0,1.00000000000000000000,BAJADA_SIN_EXPLICACION
157,San Jose 1,2026-05-15 20:00:00+00:00,0,85359,-85359,0,0,1.00000000000000000000,BAJADA_SIN_EXPLICACION
159,Santa Adriana,2026-05-15 20:00:00+00:00,0,184083,-184083,0,0,1.00000000000000000000,BAJADA_SIN_EXPLICACION
160,Santa Luisa,2026-05-15 20:00:00+00:00,35645,57387,-21742,0,0,1.00000000000000000000,BAJADA_SIN_EXPLICACION
160,Santa Luisa,2026-05-16 04:00:00+00:00,0,35645,-35645,217422,217422,1.00000000000000000000,BAJADA_SIN_EXPLICACION
161,Camarico Interior,2026-05-15 20:00:00+00:00,127301,248823,-121522,0,0,1.00000000000000000000,BAJADA_SIN_EXPLICACION
161,Camarico Interior,2026-05-18 14:00:00+00:00,248823,370344,-121521,1215216,1215216,1.00000000000000000000,CORRECCION_HOY
162,Caseta de Riego,2026-05-15 20:00:00+00:00,0,480066,-480066,0,0,1.00000000000000000000,BAJADA_SIN_EXPLICACION
163,Pomuyeto,2026-05-15 20:00:00+00:00,0,91058,-91058,0,0,1.00000000000000000000,BAJADA_SIN_EXPLICACION
165,P1,2026-05-15 20:00:00+00:00,47,52,-5,0,0,1.00000000000000000000,BAJADA_SIN_EXPLICACION
165,P1,2026-05-18 14:00:00+00:00,52,57,-5,5,5,1.00000000000000000000,CORRECCION_HOY
166,P2,2026-05-07 23:00:00+00:00,1,16,-15,1,0,1.00000000000000000000,BAJADA_SIN_EXPLICACION
166,P2,2026-05-15 20:00:00+00:00,0,161,-161,0,0,1.00000000000000000000,BAJADA_SIN_EXPLICACION
166,P2,2026-05-18 14:00:00+00:00,404,565,-161,404,404,1.00000000000000000000,CORRECCION_HOY
167,Pozo 1,2026-05-15 20:00:00+00:00,0,60296,-60296,0,0,1.00000000000000000000,BAJADA_SIN_EXPLICACION
172,Freire,2026-05-15 20:00:00+00:00,0,59838,-59838,0,0,1.00000000000000000000,BAJADA_SIN_EXPLICACION
173,Coihue,2026-05-15 20:00:00+00:00,0,8845,-8845,0,0,1.00000000000000000000,BAJADA_SIN_EXPLICACION
173,Coihue,2026-05-18 14:00:00+00:00,8851,17700,-8849,8851,8851,1.00000000000000000000,CORRECCION_HOY
174,Fundo el Rancho,2026-05-18 14:00:00+00:00,7343,14686,-7343,73431,73431,1.00000000000000000000,CORRECCION_HOY
175,Santa Macarena,2026-05-15 20:00:00+00:00,0,170398,-170398,0,0,1.00000000000000000000,BAJADA_SIN_EXPLICACION
176,Verquico,2026-05-15 20:00:00+00:00,0,1488,-1488,0,0,1.00000000000000000000,BAJADA_SIN_EXPLICACION
177,Trilico Corrales,2026-05-15 20:00:00+00:00,0,985303,-985303,0,0,1.00000000000000000000,BAJADA_SIN_EXPLICACION
179,Pivote 4,2026-05-15 20:00:00+00:00,0,9557,-9557,0,0,1.00000000000000000000,BAJADA_SIN_EXPLICACION
179,Pivote 4,2026-05-18 14:00:00+00:00,9557,19115,-9558,955740,955740,1.00000000000000000000,CORRECCION_HOY
182,Piscina 1,2026-05-15 20:00:00+00:00,0,18164,-18164,0,0,1.00000000000000000000,BAJADA_SIN_EXPLICACION
183,Agua Potable,2026-05-15 20:00:00+00:00,0,2832,-2832,0,0,1.00000000000000000000,BAJADA_SIN_EXPLICACION
184,Piscina 2,2026-05-15 20:00:00+00:00,0,29956,-29956,0,0,1.00000000000000000000,BAJADA_SIN_EXPLICACION
186,P1,2026-05-15 20:00:00+00:00,26370,250553,-224183,0,0,1.00000000000000000000,BAJADA_SIN_EXPLICACION
190,P1,2026-05-15 20:00:00+00:00,0,53179,-53179,0,0,1.00000000000000000000,BAJADA_SIN_EXPLICACION
191,P2,2026-05-15 20:00:00+00:00,0,40904,-40904,0,0,1.00000000000000000000,BAJADA_SIN_EXPLICACION
202,Totoral,2026-05-15 20:00:00+00:00,6548,11362,-4814,0,0,1.00000000000000000000,BAJADA_SIN_EXPLICACION
203,Santa Cecilia,2026-05-15 20:00:00+00:00,0,9602,-9602,0,0,1.00000000000000000000,BAJADA_SIN_EXPLICACION
204,Santa Marta,2026-05-15 20:00:00+00:00,0,12975,-12975,0,0,1.00000000000000000000,BAJADA_SIN_EXPLICACION
205,P2,2026-05-15 20:00:00+00:00,13851,14370,-519,0,0,1.00000000000000000000,BAJADA_SIN_EXPLICACION
205,P2,2026-05-18 14:00:00+00:00,14370,14889,-519,519,519,1.00000000000000000000,CORRECCION_HOY
207,Pozo 1,2026-05-18 14:00:00+00:00,374,742,-368,3744,3744,1.00000000000000000000,CORRECCION_HOY
209,Pozo 2,2026-05-15 20:00:00+00:00,0,35506,-35506,0,0,1.00000000000000000000,BAJADA_SIN_EXPLICACION
210,Pozo 3,2026-05-15 20:00:00+00:00,0,3470089,-3470089,0,0,1.00000000000000000000,BAJADA_SIN_EXPLICACION
211,Pozo 4,2026-05-15 20:00:00+00:00,0,1927163,-1927163,0,0,1.00000000000000000000,BAJADA_SIN_EXPLICACION
