id,catchment_point_id,date_time_medition,pulses,old_total,new_total,running_pulses,running_total,action
2854677,77,2026-05-01 04:00:00,22614,0,22614,14603.0,14603.0,CORRECT
2854893,77,2026-05-01 05:00:00,22717,0,22717,22614.0,22614.0,CORRECT
2855109,77,2026-05-01 06:00:00,22717,0,22717,22717.0,22717.0,CORRECT
2855325,77,2026-05-01 07:00:00,22838,0,22838,22717.0,22717.0,CORRECT
2855552,77,2026-05-01 08:00:00,22838,0,22838,22838.0,22838.0,CORRECT
2855759,77,2026-05-01 09:00:00,22933,0,22933,22838.0,22838.0,CORRECT
2855977,77,2026-05-01 10:00:00,22933,0,22933,22933.0,22933.0,CORRECT
2856199,77,2026-05-01 11:00:00,23066,0,23066,22933.0,22933.0,CORRECT
2856413,77,2026-05-01 12:00:00,23066,0,23066,23066.0,23066.0,CORRECT
2856636,77,2026-05-01 13:00:00,23136,0,23136,23066.0,23066.0,CORRECT
2856848,77,2026-05-01 14:00:00,23136,0,23136,23136.0,23136.0,CORRECT
2857067,77,2026-05-01 15:00:00,23233,0,23233,23136.0,23136.0,CORRECT
2857281,77,2026-05-01 16:00:00,23233,0,23233,23233.0,23233.0,CORRECT
2857497,77,2026-05-01 17:00:00,23345,0,23345,23233.0,23233.0,CORRECT
2857715,77,2026-05-01 18:00:00,23345,0,23345,23345.0,23345.0,CORRECT
2857930,77,2026-05-01 19:00:00,23464,0,23464,23345.0,23345.0,CORRECT
2858130,77,2026-05-01 20:00:00,23464,0,23464,23464.0,23464.0,CORRECT
2858372,77,2026-05-01 21:00:00,23531,0,23531,23464.0,23464.0,CORRECT
2858566,77,2026-05-01 22:00:00,23531,0,23531,23531.0,23531.0,CORRECT
2858804,77,2026-05-01 23:00:00,23625,0,23625,23531.0,23531.0,CORRECT
2859016,77,2026-05-02 00:00:00,23625,0,23625,23625.0,23625.0,CORRECT
2859232,77,2026-05-02 01:00:00,23740,0,23740,23625.0,23625.0,CORRECT
2859450,77,2026-05-02 02:00:00,23740,0,23740,23740.0,23740.0,CORRECT
2859663,77,2026-05-02 03:00:00,23845,0,23845,23740.0,23740.0,CORRECT
2859885,77,2026-05-02 04:00:00,23845,0,23845,23845.0,23845.0,CORRECT
2860095,77,2026-05-02 05:00:00,23962,0,23962,23845.0,23845.0,CORRECT
2860315,77,2026-05-02 06:00:00,23962,0,23962,23962.0,23962.0,CORRECT
2860541,77,2026-05-02 07:00:00,24081,0,24081,23962.0,23962.0,CORRECT
2860755,77,2026-05-02 08:00:00,24081,0,24081,24081.0,24081.0,CORRECT
2860967,77,2026-05-02 09:00:00,24170,0,24170,24081.0,24081.0,CORRECT
2861189,77,2026-05-02 10:00:00,24170,0,24170,24170.0,24170.0,CORRECT
2861409,77,2026-05-02 11:00:00,24259,0,24259,24170.0,24170.0,CORRECT
2861622,77,2026-05-02 12:00:00,24259,0,24259,24259.0,24259.0,CORRECT
2861839,77,2026-05-02 13:00:00,24356,0,24356,24259.0,24259.0,CORRECT
2862059,77,2026-05-02 14:00:00,24356,0,24356,24356.0,24356.0,CORRECT
2862280,77,2026-05-02 15:00:00,24438,0,24438,24356.0,24356.0,CORRECT
2862489,77,2026-05-02 16:00:00,24438,0,24438,24438.0,24438.0,CORRECT
2862709,77,2026-05-02 17:00:00,24517,0,24517,24438.0,24438.0,CORRECT
2862925,77,2026-05-02 18:00:00,24517,0,24517,24517.0,24517.0,CORRECT
2863143,77,2026-05-02 19:00:00,24590,0,24590,24517.0,24517.0,CORRECT
2863359,77,2026-05-02 20:00:00,24590,0,24590,24590.0,24590.0,CORRECT
2863578,77,2026-05-02 21:00:00,24702,0,24702,24590.0,24590.0,CORRECT
2863791,77,2026-05-02 22:00:00,24702,0,24702,24702.0,24702.0,CORRECT
2863988,77,2026-05-02 23:00:00,24788,0,24788,24702.0,24702.0,CORRECT
2864222,77,2026-05-03 00:00:00,24788,0,24788,24788.0,24788.0,CORRECT
2864439,77,2026-05-03 01:00:00,24917,0,24917,24788.0,24788.0,CORRECT
2864658,77,2026-05-03 02:00:00,24917,0,24917,24917.0,24917.0,CORRECT
2864862,77,2026-05-03 03:00:00,25035,0,25035,24917.0,24917.0,CORRECT
2865093,77,2026-05-03 04:00:00,25035,0,25035,25035.0,25035.0,CORRECT
2865314,77,2026-05-03 05:00:00,25160,0,25160,25035.0,25035.0,CORRECT
2865529,77,2026-05-03 06:00:00,25160,0,25160,25160.0,25160.0,CORRECT
2865743,77,2026-05-03 07:00:00,25268,0,25268,25160.0,25160.0,CORRECT
2865960,77,2026-05-03 08:00:00,25268,0,25268,25268.0,25268.0,CORRECT
2866179,77,2026-05-03 09:00:00,25379,0,25379,25268.0,25268.0,CORRECT
2866395,77,2026-05-03 10:00:00,25379,0,25379,25379.0,25379.0,CORRECT
2866608,77,2026-05-03 11:00:00,25504,0,25504,25379.0,25379.0,CORRECT
2866826,77,2026-05-03 12:00:00,25504,0,25504,25504.0,25504.0,CORRECT
2867050,77,2026-05-03 13:00:00,25613,0,25613,25504.0,25504.0,CORRECT
2867269,77,2026-05-03 14:00:00,25613,0,25613,25613.0,25613.0,CORRECT
2867483,77,2026-05-03 15:00:00,25707,0,25707,25613.0,25613.0,CORRECT
2867701,77,2026-05-03 16:00:00,25707,0,25707,25707.0,25707.0,CORRECT
2867915,77,2026-05-03 17:00:00,25787,0,25787,25707.0,25707.0,CORRECT
2868122,77,2026-05-03 18:00:00,25787,0,25787,25787.0,25787.0,CORRECT
2868353,77,2026-05-03 19:00:00,25881,0,25881,25787.0,25787.0,CORRECT
2868564,77,2026-05-03 20:00:00,25881,0,25881,25881.0,25881.0,CORRECT
2868785,77,2026-05-03 21:00:00,25982,0,25982,25881.0,25881.0,CORRECT
2868997,77,2026-05-03 22:00:00,25982,0,25982,25982.0,25982.0,CORRECT
2869219,77,2026-05-03 23:00:00,26048,0,26048,25982.0,25982.0,CORRECT
2869433,77,2026-05-04 00:00:00,26048,0,26048,26048.0,26048.0,CORRECT
2869646,77,2026-05-04 01:00:00,26153,0,26153,26048.0,26048.0,CORRECT
2869860,77,2026-05-04 02:00:00,26153,0,26153,26153.0,26153.0,CORRECT
2870079,77,2026-05-04 03:00:00,26288,0,26288,26153.0,26153.0,CORRECT
2870307,77,2026-05-04 04:00:00,26288,0,26288,26288.0,26288.0,CORRECT
2870521,77,2026-05-04 05:00:00,26421,0,26421,26288.0,26288.0,CORRECT
2870737,77,2026-05-04 06:00:00,26421,0,26421,26421.0,26421.0,CORRECT
2870950,77,2026-05-04 07:00:00,26547,0,26547,26421.0,26421.0,CORRECT
2871171,77,2026-05-04 08:00:00,26547,0,26547,26547.0,26547.0,CORRECT
2871387,77,2026-05-04 09:00:00,26632,0,26632,26547.0,26547.0,CORRECT
2871604,77,2026-05-04 10:00:00,26632,0,26632,26632.0,26632.0,CORRECT
2871823,77,2026-05-04 11:00:00,26745,0,26745,26632.0,26632.0,CORRECT
2872040,77,2026-05-04 12:00:00,26745,0,26745,26745.0,26745.0,CORRECT
2872257,77,2026-05-04 13:00:00,26872,0,26872,26745.0,26745.0,CORRECT
2872467,77,2026-05-04 14:00:00,26872,0,26872,26872.0,26872.0,CORRECT
2872685,77,2026-05-04 15:00:00,26993,0,26993,26872.0,26872.0,CORRECT
2872903,77,2026-05-04 16:00:00,26993,0,26993,26993.0,26993.0,CORRECT
2873118,77,2026-05-04 17:00:00,27112,0,27112,26993.0,26993.0,CORRECT
2873337,77,2026-05-04 18:00:00,27112,0,27112,27112.0,27112.0,CORRECT
2873555,77,2026-05-04 19:00:00,27192,0,27192,27112.0,27112.0,CORRECT
2873771,77,2026-05-04 20:00:00,27192,0,27192,27192.0,27192.0,CORRECT
2873987,77,2026-05-04 21:00:00,27312,0,27312,27192.0,27192.0,CORRECT
2874203,77,2026-05-04 22:00:00,27312,0,27312,27312.0,27312.0,CORRECT
2874420,77,2026-05-04 23:00:00,27434,0,27434,27312.0,27312.0,CORRECT
2874639,77,2026-05-05 00:00:00,27434,0,27434,27434.0,27434.0,CORRECT
2874855,77,2026-05-05 01:00:00,27560,0,27560,27434.0,27434.0,CORRECT
2875073,77,2026-05-05 02:00:00,27560,0,27560,27560.0,27560.0,CORRECT
2875290,77,2026-05-05 03:00:00,27687,0,27687,27560.0,27560.0,CORRECT
2875504,77,2026-05-05 04:00:00,27687,0,27687,27687.0,27687.0,CORRECT
2875724,77,2026-05-05 05:00:00,27804,0,27804,27687.0,27687.0,CORRECT
2875938,77,2026-05-05 06:00:00,27804,0,27804,27804.0,27804.0,CORRECT
2876156,77,2026-05-05 07:00:00,27915,0,27915,27804.0,27804.0,CORRECT
2876378,77,2026-05-05 08:00:00,27976,0,27976,27915.0,27915.0,CORRECT
2876593,77,2026-05-05 09:00:00,27976,0,27976,27976.0,27976.0,CORRECT
2876813,77,2026-05-05 10:00:00,28079,0,28079,27976.0,27976.0,CORRECT
2877029,77,2026-05-05 11:00:00,28079,0,28079,28079.0,28079.0,CORRECT
2877244,77,2026-05-05 12:00:00,28187,0,28187,28079.0,28079.0,CORRECT
2877464,77,2026-05-05 13:00:00,28187,0,28187,28187.0,28187.0,CORRECT
2877667,77,2026-05-05 14:00:00,28320,0,28320,28187.0,28187.0,CORRECT
2877903,77,2026-05-05 15:00:00,28320,0,28320,28320.0,28320.0,CORRECT
2878116,77,2026-05-05 16:00:00,28416,0,28416,28320.0,28320.0,CORRECT
2878326,77,2026-05-05 17:00:00,28416,0,28416,28416.0,28416.0,CORRECT
2878544,77,2026-05-05 18:00:00,28549,0,28549,28416.0,28416.0,CORRECT
2878756,77,2026-05-05 19:00:00,28549,0,28549,28549.0,28549.0,CORRECT
2878977,77,2026-05-05 20:00:00,28647,0,28647,28549.0,28549.0,CORRECT
2879200,77,2026-05-05 21:00:00,28647,0,28647,28647.0,28647.0,CORRECT
2879412,77,2026-05-05 22:00:00,28779,0,28779,28647.0,28647.0,CORRECT
2879630,77,2026-05-05 23:00:00,28779,0,28779,28779.0,28779.0,CORRECT
2879844,77,2026-05-06 00:00:00,28877,0,28877,28779.0,28779.0,CORRECT
2880063,77,2026-05-06 01:00:00,28877,0,28877,28877.0,28877.0,CORRECT
2880279,77,2026-05-06 02:00:00,29002,0,29002,28877.0,28877.0,CORRECT
2880497,77,2026-05-06 03:00:00,29002,0,29002,29002.0,29002.0,CORRECT
2880718,77,2026-05-06 04:00:00,29096,0,29096,29002.0,29002.0,CORRECT
2880934,77,2026-05-06 05:00:00,29096,0,29096,29096.0,29096.0,CORRECT
2881147,77,2026-05-06 06:00:00,29233,0,29233,29096.0,29096.0,CORRECT
2881366,77,2026-05-06 07:00:00,29233,0,29233,29233.0,29233.0,CORRECT
2881584,77,2026-05-06 08:00:00,29315,0,29315,29233.0,29233.0,CORRECT
2881802,77,2026-05-06 09:00:00,29315,0,29315,29315.0,29315.0,CORRECT
2882010,77,2026-05-06 10:00:00,29441,0,29441,29315.0,29315.0,CORRECT
2882232,77,2026-05-06 11:00:00,29441,0,29441,29441.0,29441.0,CORRECT
2882447,77,2026-05-06 12:00:00,29536,0,29536,29441.0,29441.0,CORRECT
2882667,77,2026-05-06 13:00:00,29536,0,29536,29536.0,29536.0,CORRECT
2882882,77,2026-05-06 14:00:00,29646,0,29646,29536.0,29536.0,CORRECT
2883099,77,2026-05-06 15:00:00,29646,0,29646,29646.0,29646.0,CORRECT
2883316,77,2026-05-06 16:00:00,29769,0,29769,29646.0,29646.0,CORRECT
2883539,77,2026-05-06 17:00:00,29769,0,29769,29769.0,29769.0,CORRECT
2883754,77,2026-05-06 18:00:00,29867,0,29867,29769.0,29769.0,CORRECT
2883970,77,2026-05-06 19:00:00,29867,0,29867,29867.0,29867.0,CORRECT
2884182,77,2026-05-06 20:00:00,29997,0,29997,29867.0,29867.0,CORRECT
2884403,77,2026-05-06 21:00:00,29997,0,29997,29997.0,29997.0,CORRECT
2884621,77,2026-05-06 22:00:00,30113,0,30113,29997.0,29997.0,CORRECT
2884838,77,2026-05-06 23:00:00,30113,0,30113,30113.0,30113.0,CORRECT
2885050,77,2026-05-07 00:00:00,30224,0,30224,30113.0,30113.0,CORRECT
2885267,77,2026-05-07 01:00:00,30224,0,30224,30224.0,30224.0,CORRECT
2885488,77,2026-05-07 02:00:00,30332,0,30332,30224.0,30224.0,CORRECT
2885705,77,2026-05-07 03:00:00,30332,0,30332,30332.0,30332.0,CORRECT
2885928,77,2026-05-07 04:00:00,30421,0,30421,30332.0,30332.0,CORRECT
2886143,77,2026-05-07 05:00:00,30421,0,30421,30421.0,30421.0,CORRECT
2886360,77,2026-05-07 06:00:00,30548,0,30548,30421.0,30421.0,CORRECT
2886571,77,2026-05-07 07:00:00,30548,0,30548,30548.0,30548.0,CORRECT
2886790,77,2026-05-07 08:00:00,30655,0,30655,30548.0,30548.0,CORRECT
2887010,77,2026-05-07 09:00:00,30655,0,30655,30655.0,30655.0,CORRECT
2887222,77,2026-05-07 10:00:00,30754,0,30754,30655.0,30655.0,CORRECT
2887436,77,2026-05-07 11:00:00,30754,0,30754,30754.0,30754.0,CORRECT
2887661,77,2026-05-07 12:00:00,30871,0,30871,30754.0,30754.0,CORRECT
2887887,77,2026-05-07 13:00:00,30871,0,30871,30871.0,30871.0,CORRECT
2888097,77,2026-05-07 14:00:00,30982,0,30982,30871.0,30871.0,CORRECT
2888313,77,2026-05-07 15:00:00,30982,0,30982,30982.0,30982.0,CORRECT
2888532,77,2026-05-07 16:00:00,31075,0,31075,30982.0,30982.0,CORRECT
2888749,77,2026-05-07 17:00:00,31075,0,31075,31075.0,31075.0,CORRECT
2888965,77,2026-05-07 18:00:00,31176,0,31176,31075.0,31075.0,CORRECT
2889183,77,2026-05-07 19:00:00,31176,0,31176,31176.0,31176.0,CORRECT
2889398,77,2026-05-07 20:00:00,31268,0,31268,31176.0,31176.0,CORRECT
2889666,77,2026-05-07 21:00:00,31268,0,31268,31268.0,31268.0,CORRECT
2889940,77,2026-05-07 22:00:00,31352,0,31352,31268.0,31268.0,CORRECT
2890215,77,2026-05-07 23:00:00,31352,0,31352,31352.0,31352.0,CORRECT
2890493,77,2026-05-08 00:00:00,31493,0,31493,31352.0,31352.0,CORRECT
2890771,77,2026-05-08 01:00:00,31493,0,31493,31493.0,31493.0,CORRECT
2891053,77,2026-05-08 02:00:00,31576,0,31576,31493.0,31493.0,CORRECT
2891325,77,2026-05-08 03:00:00,31576,0,31576,31576.0,31576.0,CORRECT
2891619,77,2026-05-08 04:00:00,31699,0,31699,31576.0,31576.0,CORRECT
2891882,77,2026-05-08 05:00:00,31699,0,31699,31699.0,31699.0,CORRECT
2892168,77,2026-05-08 06:00:00,31802,0,31802,31699.0,31699.0,CORRECT
2892434,77,2026-05-08 07:00:00,31802,0,31802,31802.0,31802.0,CORRECT
2892711,77,2026-05-08 08:00:00,31927,0,31927,31802.0,31802.0,CORRECT
2892986,77,2026-05-08 09:00:00,31927,0,31927,31927.0,31927.0,CORRECT
2893267,77,2026-05-08 10:00:00,32026,0,32026,31927.0,31927.0,CORRECT
2893545,77,2026-05-08 11:00:00,32026,0,32026,32026.0,32026.0,CORRECT
2893816,77,2026-05-08 12:00:00,32134,0,32134,32026.0,32026.0,CORRECT
2894094,77,2026-05-08 13:00:00,32134,0,32134,32134.0,32134.0,CORRECT
2894367,77,2026-05-08 14:00:00,32237,0,32237,32134.0,32134.0,CORRECT
2894651,77,2026-05-08 15:00:00,32237,0,32237,32237.0,32237.0,CORRECT
2894928,77,2026-05-08 16:00:00,32324,0,32324,32237.0,32237.0,CORRECT
2895210,77,2026-05-08 17:00:00,32324,0,32324,32324.0,32324.0,CORRECT
2895484,77,2026-05-08 18:00:00,32413,0,32413,32324.0,32324.0,CORRECT
2895749,77,2026-05-08 19:00:00,32413,0,32413,32413.0,32413.0,CORRECT
2896021,77,2026-05-08 20:00:00,32468,0,32468,32413.0,32413.0,CORRECT
2896314,77,2026-05-08 21:00:00,32468,0,32468,32468.0,32468.0,CORRECT
2896595,77,2026-05-08 22:00:00,32564,0,32564,32468.0,32468.0,CORRECT
2896868,77,2026-05-08 23:00:00,32564,0,32564,32564.0,32564.0,CORRECT
2897143,77,2026-05-09 00:00:00,32675,0,32675,32564.0,32564.0,CORRECT
2897417,77,2026-05-09 01:00:00,32675,0,32675,32675.0,32675.0,CORRECT
2897692,77,2026-05-09 02:00:00,32779,0,32779,32675.0,32675.0,CORRECT
2897973,77,2026-05-09 03:00:00,32779,0,32779,32779.0,32779.0,CORRECT
2898245,77,2026-05-09 04:00:00,32835,0,32835,32779.0,32779.0,CORRECT
2898528,77,2026-05-09 05:00:00,32835,0,32835,32835.0,32835.0,CORRECT
2898803,77,2026-05-09 06:00:00,32913,0,32913,32835.0,32835.0,CORRECT
2899082,77,2026-05-09 07:00:00,32913,0,32913,32913.0,32913.0,CORRECT
2899359,77,2026-05-09 08:00:00,33035,0,33035,32913.0,32913.0,CORRECT
2899638,77,2026-05-09 09:00:00,33035,0,33035,33035.0,33035.0,CORRECT
2899914,77,2026-05-09 10:00:00,33136,0,33136,33035.0,33035.0,CORRECT
2900188,77,2026-05-09 11:00:00,33136,0,33136,33136.0,33136.0,CORRECT
2900449,77,2026-05-09 12:00:00,33216,0,33216,33136.0,33136.0,CORRECT
2900734,77,2026-05-09 13:00:00,33216,0,33216,33216.0,33216.0,CORRECT
2901006,77,2026-05-09 14:00:00,33314,0,33314,33216.0,33216.0,CORRECT
2901297,77,2026-05-09 15:00:00,33314,0,33314,33314.0,33314.0,CORRECT
2901576,77,2026-05-09 16:00:00,33398,0,33398,33314.0,33314.0,CORRECT
2901853,77,2026-05-09 17:00:00,33398,0,33398,33398.0,33398.0,CORRECT
2902136,77,2026-05-09 18:00:00,33486,0,33486,33398.0,33398.0,CORRECT
2902410,77,2026-05-09 19:00:00,33486,0,33486,33486.0,33486.0,CORRECT
2902685,77,2026-05-09 20:00:00,33549,0,33549,33486.0,33486.0,CORRECT
2902958,77,2026-05-09 21:00:00,33549,0,33549,33549.0,33549.0,CORRECT
2903240,77,2026-05-09 22:00:00,33654,0,33654,33549.0,33549.0,CORRECT
2903518,77,2026-05-09 23:00:00,33654,0,33654,33654.0,33654.0,CORRECT
2903791,77,2026-05-10 00:00:00,33739,0,33739,33654.0,33654.0,CORRECT
2904065,77,2026-05-10 01:00:00,33739,0,33739,33739.0,33739.0,CORRECT
2904343,77,2026-05-10 02:00:00,33812,0,33812,33739.0,33739.0,CORRECT
2904603,77,2026-05-10 03:00:00,33812,0,33812,33812.0,33812.0,CORRECT
2904885,77,2026-05-10 04:00:00,33892,0,33892,33812.0,33812.0,CORRECT
2905159,77,2026-05-10 05:00:00,33892,0,33892,33892.0,33892.0,CORRECT
2905461,77,2026-05-10 06:00:00,33965,0,33965,33892.0,33892.0,CORRECT
2905712,77,2026-05-10 07:00:00,33965,0,33965,33965.0,33965.0,CORRECT
2906015,77,2026-05-10 08:00:00,34029,0,34029,33965.0,33965.0,CORRECT
2906284,77,2026-05-10 09:00:00,34029,0,34029,34029.0,34029.0,CORRECT
2906558,77,2026-05-10 10:00:00,34106,0,34106,34029.0,34029.0,CORRECT
2906831,77,2026-05-10 11:00:00,34106,0,34106,34106.0,34106.0,CORRECT
2907113,77,2026-05-10 12:00:00,34171,0,34171,34106.0,34106.0,CORRECT
2907394,77,2026-05-10 13:00:00,34171,0,34171,34171.0,34171.0,CORRECT
2907667,77,2026-05-10 14:00:00,34220,0,34220,34171.0,34171.0,CORRECT
2907943,77,2026-05-10 15:00:00,34220,0,34220,34220.0,34220.0,CORRECT
2908217,77,2026-05-10 16:00:00,34233,0,34233,34220.0,34220.0,CORRECT
2908497,77,2026-05-10 17:00:00,34233,0,34233,34233.0,34233.0,CORRECT
2908775,77,2026-05-10 18:00:00,34233,0,34233,34233.0,34233.0,CORRECT
2909048,77,2026-05-10 19:00:00,34233,0,34233,34233.0,34233.0,CORRECT
2909323,77,2026-05-10 20:00:00,34233,0,34233,34233.0,34233.0,CORRECT
2909590,77,2026-05-10 21:00:00,34233,0,34233,34233.0,34233.0,CORRECT
2909876,77,2026-05-10 22:00:00,34233,0,34233,34233.0,34233.0,CORRECT
2910165,77,2026-05-10 23:00:00,34233,0,34233,34233.0,34233.0,CORRECT
2910435,77,2026-05-11 00:00:00,34238,0,34238,34233.0,34233.0,CORRECT
2910719,77,2026-05-11 01:00:00,34238,0,34238,34238.0,34238.0,CORRECT
2910989,77,2026-05-11 02:00:00,34361,0,34361,34238.0,34238.0,CORRECT
2911269,77,2026-05-11 03:00:00,34361,0,34361,34361.0,34361.0,CORRECT
2911541,77,2026-05-11 04:00:00,34484,0,34484,34361.0,34361.0,CORRECT
2911824,77,2026-05-11 05:00:00,34484,0,34484,34484.0,34484.0,CORRECT
2912098,77,2026-05-11 06:00:00,34558,0,34558,34484.0,34484.0,CORRECT
2912376,77,2026-05-11 07:00:00,34558,0,34558,34558.0,34558.0,CORRECT
2912653,77,2026-05-11 08:00:00,34625,0,34625,34558.0,34558.0,CORRECT
2912931,77,2026-05-11 09:00:00,34625,0,34625,34625.0,34625.0,CORRECT
2913206,77,2026-05-11 10:00:00,34689,0,34689,34625.0,34625.0,CORRECT
2913482,77,2026-05-11 11:00:00,34689,0,34689,34689.0,34689.0,CORRECT
2913760,77,2026-05-11 12:00:00,34763,0,34763,34689.0,34689.0,CORRECT
2914040,77,2026-05-11 13:00:00,34763,0,34763,34763.0,34763.0,CORRECT
2914302,77,2026-05-11 14:00:00,34836,0,34836,34763.0,34763.0,CORRECT
2914596,77,2026-05-11 15:00:00,34836,0,34836,34836.0,34836.0,CORRECT
2914854,77,2026-05-11 16:00:00,34897,0,34897,34836.0,34836.0,CORRECT
2915147,77,2026-05-11 17:00:00,34897,0,34897,34897.0,34897.0,CORRECT
2915423,77,2026-05-11 18:00:00,34990,0,34990,34897.0,34897.0,CORRECT
2915698,77,2026-05-11 19:00:00,34990,0,34990,34990.0,34990.0,CORRECT
2915970,77,2026-05-11 20:00:00,35121,0,35121,34990.0,34990.0,CORRECT
2916247,77,2026-05-11 21:00:00,35121,0,35121,35121.0,35121.0,CORRECT
2916526,77,2026-05-11 22:00:00,35221,0,35221,35121.0,35121.0,CORRECT
2916803,77,2026-05-11 23:00:00,35221,0,35221,35221.0,35221.0,CORRECT
2917072,77,2026-05-12 00:00:00,35319,0,35319,35221.0,35221.0,CORRECT
2917351,77,2026-05-12 01:00:00,35319,0,35319,35319.0,35319.0,CORRECT
2917625,77,2026-05-12 02:00:00,35445,0,35445,35319.0,35319.0,CORRECT
2917909,77,2026-05-12 03:00:00,35445,0,35445,35445.0,35445.0,CORRECT
2918186,77,2026-05-12 04:00:00,35555,0,35555,35445.0,35445.0,CORRECT
2918456,77,2026-05-12 05:00:00,35555,0,35555,35555.0,35555.0,CORRECT
2918730,77,2026-05-12 06:00:00,35649,0,35649,35555.0,35555.0,CORRECT
2918995,77,2026-05-12 07:00:00,35649,0,35649,35649.0,35649.0,CORRECT
2919291,77,2026-05-12 08:00:00,35746,0,35746,35649.0,35649.0,CORRECT
2919556,77,2026-05-12 09:00:00,35746,0,35746,35746.0,35746.0,CORRECT
2919839,77,2026-05-12 10:00:00,35853,0,35853,35746.0,35746.0,CORRECT
2920111,77,2026-05-12 11:00:00,35853,0,35853,35853.0,35853.0,CORRECT
2920386,77,2026-05-12 12:00:00,35945,0,35945,35853.0,35853.0,CORRECT
2920669,77,2026-05-12 13:00:00,35945,0,35945,35945.0,35945.0,CORRECT
2920945,77,2026-05-12 14:00:00,36034,0,36034,35945.0,35945.0,CORRECT
2921217,77,2026-05-12 15:00:00,36034,0,36034,36034.0,36034.0,CORRECT
2921493,77,2026-05-12 16:00:00,36139,0,36139,36034.0,36034.0,CORRECT
2921764,77,2026-05-12 17:00:00,36139,0,36139,36139.0,36139.0,CORRECT
2922033,77,2026-05-12 18:00:00,36260,0,36260,36139.0,36139.0,CORRECT
2923304,77,2026-05-12 19:00:00,36260,0,36260,36260.0,36260.0,CORRECT
2923576,77,2026-05-12 20:00:00,36350,0,36350,36260.0,36260.0,CORRECT
2923850,77,2026-05-12 21:00:00,36350,0,36350,36350.0,36350.0,CORRECT
2924132,77,2026-05-12 22:00:00,36463,0,36463,36350.0,36350.0,CORRECT
2924385,77,2026-05-12 23:00:00,36463,0,36463,36463.0,36463.0,CORRECT
2924656,77,2026-05-13 00:00:00,36562,0,36562,36463.0,36463.0,CORRECT
2924919,77,2026-05-13 01:00:00,36562,0,36562,36562.0,36562.0,CORRECT
2925194,77,2026-05-13 02:00:00,36654,0,36654,36562.0,36562.0,CORRECT
2925459,77,2026-05-13 03:00:00,36654,0,36654,36654.0,36654.0,CORRECT
2925737,77,2026-05-13 04:00:00,36742,0,36742,36654.0,36654.0,CORRECT
2926009,77,2026-05-13 05:00:00,36742,0,36742,36742.0,36742.0,CORRECT
2926278,77,2026-05-13 06:00:00,36842,0,36842,36742.0,36742.0,CORRECT
2926549,77,2026-05-13 07:00:00,36842,0,36842,36842.0,36842.0,CORRECT
2926822,77,2026-05-13 08:00:00,36966,0,36966,36842.0,36842.0,CORRECT
2927086,77,2026-05-13 09:00:00,36966,0,36966,36966.0,36966.0,CORRECT
2927355,77,2026-05-13 10:00:00,37044,0,37044,36966.0,36966.0,CORRECT
2927624,77,2026-05-13 11:00:00,37044,0,37044,37044.0,37044.0,CORRECT
2927896,77,2026-05-13 12:00:00,37173,0,37173,37044.0,37044.0,CORRECT
2928189,77,2026-05-13 13:00:00,37173,0,37173,37173.0,37173.0,CORRECT
2928439,77,2026-05-13 14:00:00,37259,0,37259,37173.0,37173.0,CORRECT
2928714,77,2026-05-13 15:00:00,37259,0,37259,37259.0,37259.0,CORRECT
2928978,77,2026-05-13 16:00:00,37368,0,37368,37259.0,37259.0,CORRECT
2929242,77,2026-05-13 17:00:00,37368,0,37368,37368.0,37368.0,CORRECT
2929506,77,2026-05-13 18:00:00,37471,0,37471,37368.0,37368.0,CORRECT
2929775,77,2026-05-13 19:00:00,37471,0,37471,37471.0,37471.0,CORRECT
2930048,77,2026-05-13 20:00:00,37597,0,37597,37471.0,37471.0,CORRECT
2930308,77,2026-05-13 21:00:00,37597,0,37597,37597.0,37597.0,CORRECT
2943327,4,2026-05-16 03:00:00,81796953,0,817970,81737558.0,817376.0,CORRECT
2943594,4,2026-05-16 04:00:00,81803373,0,818034,81796953.0,817969.95,CORRECT
2943827,4,2026-05-16 05:00:00,81807622,0,818077,81803373.0,818034.1499999999,CORRECT
2944096,4,2026-05-16 06:00:00,81812812,0,818129,81807622.0,818076.6399999999,CORRECT
2944366,4,2026-05-16 07:00:00,81819628,0,818197,81812812.0,818128.5399999999,CORRECT
2944630,4,2026-05-16 08:00:00,81826444,0,818265,81819628.0,818196.7,CORRECT
2944904,4,2026-05-16 09:00:00,81833250,0,818333,81826444.0,818264.86,CORRECT
2945172,4,2026-05-16 10:00:00,81840070,0,818401,81833250.0,818332.92,CORRECT
2945441,4,2026-05-16 11:00:00,81846878,0,818469,81840070.0,818401.12,CORRECT
2945710,4,2026-05-16 12:00:00,81850921,0,818510,81846878.0,818469.2,CORRECT
2945979,4,2026-05-16 13:00:00,81854134,0,818542,81850921.0,818509.63,CORRECT
2946239,4,2026-05-16 14:00:00,81858481,0,818585,81854134.0,818541.76,CORRECT
2946517,4,2026-05-16 15:00:00,81862576,0,818626,81858481.0,818585.23,CORRECT
2946786,4,2026-05-16 16:00:00,81867100,0,818671,81862576.0,818626.1799999999,CORRECT
2947053,4,2026-05-16 17:00:00,81871782,0,818718,81867100.0,818671.4199999999,CORRECT
2947318,4,2026-05-16 18:00:00,81875842,0,818759,81871782.0,818718.2399999999,CORRECT
2947591,4,2026-05-16 19:00:00,81879828,0,818799,81875842.0,818758.8399999999,CORRECT
2947861,4,2026-05-16 20:00:00,81885582,0,818856,81879828.0,818798.6999999998,CORRECT
2948129,4,2026-05-16 21:00:00,81892637,0,818927,81885582.0,818856.2399999999,CORRECT
2948404,4,2026-05-16 22:00:00,81896845,0,818969,81892637.0,818926.7899999999,CORRECT
2943318,5,2026-05-16 03:00:00,10834966,0,108349,10773126.0,107731.0,CORRECT
2943586,5,2026-05-16 04:00:00,10841636,0,108416,10834966.0,108349.4,CORRECT
2943819,5,2026-05-16 05:00:00,10845739,0,108457,10841636.0,108416.09999999999,CORRECT
2944090,5,2026-05-16 06:00:00,10850903,0,108509,10845739.0,108457.12999999999,CORRECT
2944356,5,2026-05-16 07:00:00,10858018,0,108580,10850903.0,108508.76999999999,CORRECT
2944626,5,2026-05-16 08:00:00,10865122,0,108651,10858018.0,108579.91999999998,CORRECT
2944897,5,2026-05-16 09:00:00,10872240,0,108722,10865122.0,108650.95999999998,CORRECT
2945167,5,2026-05-16 10:00:00,10879404,0,108794,10872240.0,108722.13999999997,CORRECT
2945434,5,2026-05-16 11:00:00,10886468,0,108864,10879404.0,108793.77999999997,CORRECT
2945704,5,2026-05-16 12:00:00,10890357,0,108903,10886468.0,108864.41999999997,CORRECT
2945973,5,2026-05-16 13:00:00,10893223,0,108932,10890357.0,108903.30999999997,CORRECT
2946235,5,2026-05-16 14:00:00,10897438,0,108974,10893223.0,108931.96999999997,CORRECT
2946514,5,2026-05-16 15:00:00,10901349,0,109013,10897438.0,108974.11999999997,CORRECT
2946779,5,2026-05-16 16:00:00,10905731,0,109057,10901349.0,109013.22999999997,CORRECT
2947049,5,2026-05-16 17:00:00,10910282,0,109103,10905731.0,109057.04999999997,CORRECT
2947313,5,2026-05-16 18:00:00,10914176,0,109141,10910282.0,109102.55999999997,CORRECT
2947583,5,2026-05-16 19:00:00,10917976,0,109179,10914176.0,109141.49999999997,CORRECT
2947856,5,2026-05-16 20:00:00,10923820,0,109238,10917976.0,109179.49999999997,CORRECT
2948125,5,2026-05-16 21:00:00,10931234,0,109312,10923820.0,109237.93999999997,CORRECT
2948396,5,2026-05-16 22:00:00,10935353,0,109353,10931234.0,109312.07999999997,CORRECT
2943332,6,2026-05-16 03:00:00,119003605,0,1190036,118960194.0,1189602.0,CORRECT
2943596,6,2026-05-16 04:00:00,119012171,0,1190122,119003605.0,1190036.11,CORRECT
2943831,6,2026-05-16 05:00:00,119021026,0,1190210,119012171.0,1190121.77,CORRECT
2944101,6,2026-05-16 06:00:00,119029880,0,1190299,119021026.0,1190210.32,CORRECT
2944370,6,2026-05-16 07:00:00,119038739,0,1190387,119029880.0,1190298.86,CORRECT
2944640,6,2026-05-16 08:00:00,119047635,0,1190476,119038739.0,1190387.4500000002,CORRECT
2944909,6,2026-05-16 09:00:00,119056450,0,1190565,119047635.0,1190476.4100000001,CORRECT
2945177,6,2026-05-16 10:00:00,119065306,0,1190653,119056450.0,1190564.56,CORRECT
2945445,6,2026-05-16 11:00:00,119074155,0,1190742,119065306.0,1190653.12,CORRECT
2945714,6,2026-05-16 12:00:00,119083020,0,1190830,119074155.0,1190741.61,CORRECT
2945984,6,2026-05-16 13:00:00,119091875,0,1190919,119083020.0,1190830.26,CORRECT
2946245,6,2026-05-16 14:00:00,119100714,0,1191007,119091875.0,1190918.81,CORRECT
2946522,6,2026-05-16 15:00:00,119109542,0,1191095,119100714.0,1191007.2,CORRECT
2946790,6,2026-05-16 16:00:00,119118360,0,1191184,119109542.0,1191095.48,CORRECT
2947057,6,2026-05-16 17:00:00,119127185,0,1191272,119118360.0,1191183.66,CORRECT
2947323,6,2026-05-16 18:00:00,119136005,0,1191360,119127185.0,1191271.91,CORRECT
2947594,6,2026-05-16 19:00:00,119144822,0,1191448,119136005.0,1191360.1099999999,CORRECT
2947863,6,2026-05-16 20:00:00,119153675,0,1191537,119144822.0,1191448.2799999998,CORRECT
2948132,6,2026-05-16 21:00:00,119162463,0,1191625,119153675.0,1191536.8099999998,CORRECT
2948408,6,2026-05-16 22:00:00,119166910,0,1191669,119162463.0,1191624.6899999997,CORRECT
2943349,7,2026-05-16 03:00:00,2763519,0,27636,2734065.0,27341.0,CORRECT
2943611,7,2026-05-16 04:00:00,2766798,0,27668,2763519.0,27635.54,CORRECT
2943848,7,2026-05-16 05:00:00,2770032,0,27701,2766798.0,27668.33,CORRECT
2944112,7,2026-05-16 06:00:00,2773304,0,27733,2770032.0,27700.670000000002,CORRECT
2944384,7,2026-05-16 07:00:00,2776592,0,27766,2773304.0,27733.390000000003,CORRECT
2944648,7,2026-05-16 08:00:00,2779865,0,27799,2776592.0,27766.270000000004,CORRECT
2944921,7,2026-05-16 09:00:00,2783089,0,27831,2779865.0,27799.000000000004,CORRECT
2945194,7,2026-05-16 10:00:00,2786355,0,27864,2783089.0,27831.240000000005,CORRECT
2945463,7,2026-05-16 11:00:00,2789588,0,27896,2786355.0,27863.900000000005,CORRECT
2945732,7,2026-05-16 12:00:00,2792876,0,27929,2789588.0,27896.230000000007,CORRECT
2946000,7,2026-05-16 13:00:00,2796114,0,27961,2792876.0,27929.110000000008,CORRECT
2946255,7,2026-05-16 14:00:00,2799383,0,27994,2796114.0,27961.49000000001,CORRECT
2946539,7,2026-05-16 15:00:00,2802594,0,28026,2799383.0,27994.180000000008,CORRECT
2946808,7,2026-05-16 16:00:00,2805887,0,28059,2802594.0,28026.290000000008,CORRECT
2947074,7,2026-05-16 17:00:00,2809150,0,28092,2805887.0,28059.22000000001,CORRECT
2947329,7,2026-05-16 18:00:00,2812369,0,28124,2809150.0,28091.85000000001,CORRECT
2947605,7,2026-05-16 19:00:00,2815614,0,28156,2812369.0,28124.040000000008,CORRECT
2947876,7,2026-05-16 20:00:00,2818833,0,28189,2815614.0,28156.49000000001,CORRECT
2948150,7,2026-05-16 21:00:00,2822064,0,28221,2818833.0,28188.680000000008,CORRECT
2948428,7,2026-05-16 22:00:00,2825327,0,28254,2822064.0,28220.99000000001,CORRECT
2943356,130,2026-05-16 03:00:00,167326,0,16733,167326.0,16733.0,CORRECT
2943616,130,2026-05-16 04:00:00,167326,0,16733,167326.0,16733.0,CORRECT
2943858,130,2026-05-16 05:00:00,167326,0,16733,167326.0,16733.0,CORRECT
2944121,130,2026-05-16 06:00:00,167326,0,16733,167326.0,16733.0,CORRECT
2944396,130,2026-05-16 07:00:00,167326,0,16733,167326.0,16733.0,CORRECT
2944657,130,2026-05-16 08:00:00,167326,0,16733,167326.0,16733.0,CORRECT
2944931,130,2026-05-16 09:00:00,167326,0,16733,167326.0,16733.0,CORRECT
2945202,130,2026-05-16 10:00:00,167326,0,16733,167326.0,16733.0,CORRECT
2945469,130,2026-05-16 11:00:00,167326,0,16733,167326.0,16733.0,CORRECT
2945738,130,2026-05-16 12:00:00,167326,0,16733,167326.0,16733.0,CORRECT
2946007,130,2026-05-16 13:00:00,167326,0,16733,167326.0,16733.0,CORRECT
2946266,130,2026-05-16 14:00:00,167326,0,16733,167326.0,16733.0,CORRECT
2946549,130,2026-05-16 15:00:00,167326,0,16733,167326.0,16733.0,CORRECT
2946813,130,2026-05-16 16:00:00,167326,0,16733,167326.0,16733.0,CORRECT
2947079,130,2026-05-16 17:00:00,167326,0,16733,167326.0,16733.0,CORRECT
2947337,130,2026-05-16 18:00:00,167326,0,16733,167326.0,16733.0,CORRECT
2947608,130,2026-05-16 19:00:00,167326,0,16733,167326.0,16733.0,CORRECT
2947880,130,2026-05-16 20:00:00,167326,0,16733,167326.0,16733.0,CORRECT
2948160,130,2026-05-16 21:00:00,167326,0,16733,167326.0,16733.0,CORRECT
2948436,130,2026-05-16 22:00:00,167326,0,16733,167326.0,16733.0,CORRECT
2943419,183,2026-05-16 03:00:00,28373,0,2838,28317.0,2832.0,CORRECT
2943413,184,2026-05-16 03:00:00,299565,0,29956,299565.0,29956.0,CORRECT
2943672,184,2026-05-16 04:00:00,299565,0,29956,299565.0,29956.0,CORRECT
2943913,184,2026-05-16 05:00:00,299565,0,29956,299565.0,29956.0,CORRECT
2944180,184,2026-05-16 06:00:00,299565,0,29956,299565.0,29956.0,CORRECT
2944450,184,2026-05-16 07:00:00,299565,0,29956,299565.0,29956.0,CORRECT
2944710,184,2026-05-16 08:00:00,299565,0,29956,299565.0,29956.0,CORRECT
2944991,184,2026-05-16 09:00:00,299565,0,29956,299565.0,29956.0,CORRECT
2945257,184,2026-05-16 10:00:00,299565,0,29956,299565.0,29956.0,CORRECT
2945525,184,2026-05-16 11:00:00,299565,0,29956,299565.0,29956.0,CORRECT
2945793,184,2026-05-16 12:00:00,299565,0,29956,299565.0,29956.0,CORRECT
2946059,184,2026-05-16 13:00:00,299565,0,29956,299565.0,29956.0,CORRECT
2946302,184,2026-05-16 14:00:00,299565,0,29956,299565.0,29956.0,CORRECT
2946600,184,2026-05-16 15:00:00,299565,0,29956,299565.0,29956.0,CORRECT
2946872,184,2026-05-16 16:00:00,299565,0,29956,299565.0,29956.0,CORRECT
2947117,184,2026-05-16 17:00:00,299565,0,29956,299565.0,29956.0,CORRECT
2947358,184,2026-05-16 18:00:00,299565,0,29956,299565.0,29956.0,CORRECT
2947630,184,2026-05-16 19:00:00,299565,0,29956,299565.0,29956.0,CORRECT
2947920,184,2026-05-16 20:00:00,299565,0,29956,299565.0,29956.0,CORRECT
2948209,184,2026-05-16 21:00:00,299565,0,29956,299565.0,29956.0,CORRECT
2948496,184,2026-05-16 22:00:00,299565,0,29956,299565.0,29956.0,CORRECT
2943424,149,2026-05-16 03:00:00,60651,0,60651,60243.0,60243.0,CORRECT
2943416,172,2026-05-16 03:00:00,59946,0,59946,59838.0,59838.0,CORRECT
2943411,156,2026-05-16 03:00:00,2704,0,2704,2704.0,2704.0,CORRECT
2943669,156,2026-05-16 04:00:00,2704,0,2704,2704.0,2704.0,CORRECT
2943911,156,2026-05-16 05:00:00,2704,0,2704,2704.0,2704.0,CORRECT
2944177,156,2026-05-16 06:00:00,2704,0,2704,2704.0,2704.0,CORRECT
2944448,156,2026-05-16 07:00:00,2704,0,2704,2704.0,2704.0,CORRECT
2944707,156,2026-05-16 08:00:00,2704,0,2704,2704.0,2704.0,CORRECT
2944986,156,2026-05-16 09:00:00,2704,0,2704,2704.0,2704.0,CORRECT
2945255,156,2026-05-16 10:00:00,2704,0,2704,2704.0,2704.0,CORRECT
2945522,156,2026-05-16 11:00:00,2704,0,2704,2704.0,2704.0,CORRECT
2945791,156,2026-05-16 12:00:00,2704,0,2704,2704.0,2704.0,CORRECT
2946057,156,2026-05-16 13:00:00,2704,0,2704,2704.0,2704.0,CORRECT
2946298,156,2026-05-16 14:00:00,2704,0,2704,2704.0,2704.0,CORRECT
2946598,156,2026-05-16 15:00:00,2704,0,2704,2704.0,2704.0,CORRECT
2946870,156,2026-05-16 16:00:00,2704,0,2704,2704.0,2704.0,CORRECT
2947115,156,2026-05-16 17:00:00,2704,0,2704,2704.0,2704.0,CORRECT
2947357,156,2026-05-16 18:00:00,2704,0,2704,2704.0,2704.0,CORRECT
2947628,156,2026-05-16 19:00:00,2704,0,2704,2704.0,2704.0,CORRECT
2947919,156,2026-05-16 20:00:00,2704,0,2704,2704.0,2704.0,CORRECT
2948208,156,2026-05-16 21:00:00,2704,0,2704,2704.0,2704.0,CORRECT
2948495,156,2026-05-16 22:00:00,2704,0,2704,2704.0,2704.0,CORRECT
2943417,157,2026-05-16 03:00:00,85359,0,85359,85359.0,85359.0,CORRECT
2943414,159,2026-05-16 03:00:00,184083,0,184083,184083.0,184083.0,CORRECT
2943676,159,2026-05-16 04:00:00,184083,0,184083,184083.0,184083.0,CORRECT
2943916,159,2026-05-16 05:00:00,184083,0,184083,184083.0,184083.0,CORRECT
2944182,159,2026-05-16 06:00:00,184083,0,184083,184083.0,184083.0,CORRECT
2944453,159,2026-05-16 07:00:00,184083,0,184083,184083.0,184083.0,CORRECT
2944715,159,2026-05-16 08:00:00,184083,0,184083,184083.0,184083.0,CORRECT
2944993,159,2026-05-16 09:00:00,184083,0,184083,184083.0,184083.0,CORRECT
2945259,159,2026-05-16 10:00:00,184083,0,184083,184083.0,184083.0,CORRECT
2945526,159,2026-05-16 11:00:00,184083,0,184083,184083.0,184083.0,CORRECT
2945796,159,2026-05-16 12:00:00,184083,0,184083,184083.0,184083.0,CORRECT
2946062,159,2026-05-16 13:00:00,184083,0,184083,184083.0,184083.0,CORRECT
2946306,159,2026-05-16 14:00:00,184083,0,184083,184083.0,184083.0,CORRECT
2946602,159,2026-05-16 15:00:00,184083,0,184083,184083.0,184083.0,CORRECT
2946874,159,2026-05-16 16:00:00,184083,0,184083,184083.0,184083.0,CORRECT
2947118,159,2026-05-16 17:00:00,184083,0,184083,184083.0,184083.0,CORRECT
2947360,159,2026-05-16 18:00:00,184083,0,184083,184083.0,184083.0,CORRECT
2947631,159,2026-05-16 19:00:00,184083,0,184083,184083.0,184083.0,CORRECT
2947921,159,2026-05-16 20:00:00,184083,0,184083,184083.0,184083.0,CORRECT
2948210,159,2026-05-16 21:00:00,184083,0,184083,184083.0,184083.0,CORRECT
2948497,159,2026-05-16 22:00:00,184083,0,184083,184083.0,184083.0,CORRECT
2943590,146,2026-05-16 04:00:00,275,0,286,275.0,286.0,CORRECT
2943683,146,2026-05-16 04:05:00,276,0,287,275.0,286.0,CORRECT
2943696,146,2026-05-16 04:10:00,276,0,287,276.0,287.0,CORRECT
2943706,146,2026-05-16 04:15:00,277,0,288,276.0,287.0,CORRECT
2943719,146,2026-05-16 04:20:00,277,0,288,277.0,288.0,CORRECT
2943729,146,2026-05-16 04:25:00,278,0,289,277.0,288.0,CORRECT
2943742,146,2026-05-16 04:30:00,278,0,289,278.0,289.0,CORRECT
2943752,146,2026-05-16 04:35:00,279,0,290,278.0,289.0,CORRECT
2943765,146,2026-05-16 04:40:00,280,0,291,279.0,290.0,CORRECT
2943775,146,2026-05-16 04:45:00,280,0,291,280.0,291.0,CORRECT
2943788,146,2026-05-16 04:50:00,281,0,292,280.0,291.0,CORRECT
2943798,146,2026-05-16 04:55:00,281,0,292,281.0,292.0,CORRECT
2943818,146,2026-05-16 05:00:00,281,0,292,281.0,292.0,CORRECT
2943952,146,2026-05-16 05:05:00,281,0,292,281.0,292.0,CORRECT
2943965,146,2026-05-16 05:10:00,281,0,292,281.0,292.0,CORRECT
2943975,146,2026-05-16 05:15:00,281,0,292,281.0,292.0,CORRECT
2943988,146,2026-05-16 05:20:00,281,0,292,281.0,292.0,CORRECT
2943998,146,2026-05-16 05:25:00,281,0,292,281.0,292.0,CORRECT
2944011,146,2026-05-16 05:30:00,281,0,292,281.0,292.0,CORRECT
2944021,146,2026-05-16 05:35:00,281,0,292,281.0,292.0,CORRECT
2944034,146,2026-05-16 05:40:00,281,0,292,281.0,292.0,CORRECT
2944044,146,2026-05-16 05:45:00,282,0,293,281.0,292.0,CORRECT
2944057,146,2026-05-16 05:50:00,282,0,293,282.0,293.0,CORRECT
2944067,146,2026-05-16 05:55:00,283,0,294,282.0,293.0,CORRECT
2944087,146,2026-05-16 06:00:00,283,0,294,283.0,294.0,CORRECT
2944221,146,2026-05-16 06:05:00,284,0,295,283.0,294.0,CORRECT
2944234,146,2026-05-16 06:10:00,284,0,295,284.0,295.0,CORRECT
2944244,146,2026-05-16 06:15:00,285,0,296,284.0,295.0,CORRECT
2944257,146,2026-05-16 06:20:00,286,0,297,285.0,296.0,CORRECT
2944267,146,2026-05-16 06:25:00,286,0,297,286.0,297.0,CORRECT
2944280,146,2026-05-16 06:30:00,287,0,298,286.0,297.0,CORRECT
2944290,146,2026-05-16 06:35:00,287,0,298,287.0,298.0,CORRECT
2944303,146,2026-05-16 06:40:00,288,0,299,287.0,298.0,CORRECT
2944313,146,2026-05-16 06:45:00,288,0,299,288.0,299.0,CORRECT
2944326,146,2026-05-16 06:50:00,289,0,300,288.0,299.0,CORRECT
2944336,146,2026-05-16 06:55:00,290,0,301,289.0,300.0,CORRECT
2944355,146,2026-05-16 07:00:00,290,0,301,290.0,301.0,CORRECT
2944490,146,2026-05-16 07:05:00,291,0,302,290.0,301.0,CORRECT
2944503,146,2026-05-16 07:10:00,291,0,302,291.0,302.0,CORRECT
2944513,146,2026-05-16 07:15:00,292,0,303,291.0,302.0,CORRECT
2944526,146,2026-05-16 07:20:00,292,0,303,292.0,303.0,CORRECT
2944536,146,2026-05-16 07:25:00,292,0,303,292.0,303.0,CORRECT
2944549,146,2026-05-16 07:30:00,292,0,303,292.0,303.0,CORRECT
2944559,146,2026-05-16 07:35:00,292,0,303,292.0,303.0,CORRECT
2944572,146,2026-05-16 07:40:00,292,0,303,292.0,303.0,CORRECT
2944582,146,2026-05-16 07:45:00,292,0,303,292.0,303.0,CORRECT
2944595,146,2026-05-16 07:50:00,292,0,303,292.0,303.0,CORRECT
2944605,146,2026-05-16 07:55:00,292,0,303,292.0,303.0,CORRECT
2944625,146,2026-05-16 08:00:00,292,0,303,292.0,303.0,CORRECT
2944759,146,2026-05-16 08:05:00,292,0,303,292.0,303.0,CORRECT
2944772,146,2026-05-16 08:10:00,293,0,304,292.0,303.0,CORRECT
2944782,146,2026-05-16 08:15:00,293,0,304,293.0,304.0,CORRECT
2944795,146,2026-05-16 08:20:00,294,0,305,293.0,304.0,CORRECT
2944805,146,2026-05-16 08:25:00,294,0,305,294.0,305.0,CORRECT
2944818,146,2026-05-16 08:30:00,295,0,306,294.0,305.0,CORRECT
2944828,146,2026-05-16 08:35:00,296,0,307,295.0,306.0,CORRECT
2944841,146,2026-05-16 08:40:00,296,0,307,296.0,307.0,CORRECT
2944851,146,2026-05-16 08:45:00,297,0,308,296.0,307.0,CORRECT
2944864,146,2026-05-16 08:50:00,297,0,308,297.0,308.0,CORRECT
2944874,146,2026-05-16 08:55:00,298,0,309,297.0,308.0,CORRECT
2944892,146,2026-05-16 09:00:00,298,0,309,298.0,309.0,CORRECT
2945028,146,2026-05-16 09:05:00,299,0,310,298.0,309.0,CORRECT
2945041,146,2026-05-16 09:10:00,300,0,311,299.0,310.0,CORRECT
2945051,146,2026-05-16 09:15:00,300,0,311,300.0,311.0,CORRECT
2945064,146,2026-05-16 09:20:00,301,0,312,300.0,311.0,CORRECT
2945074,146,2026-05-16 09:25:00,301,0,312,301.0,312.0,CORRECT
2945087,146,2026-05-16 09:30:00,302,0,313,301.0,312.0,CORRECT
2945097,146,2026-05-16 09:35:00,302,0,313,302.0,313.0,CORRECT
2945110,146,2026-05-16 09:40:00,303,0,314,302.0,313.0,CORRECT
2945120,146,2026-05-16 09:45:00,304,0,315,303.0,314.0,CORRECT
2945133,146,2026-05-16 09:50:00,304,0,315,304.0,315.0,CORRECT
2945143,146,2026-05-16 09:55:00,305,0,316,304.0,315.0,CORRECT
2945165,146,2026-05-16 10:00:00,305,0,316,305.0,316.0,CORRECT
2945297,146,2026-05-16 10:05:00,305,0,316,305.0,316.0,CORRECT
2945310,146,2026-05-16 10:10:00,305,0,316,305.0,316.0,CORRECT
2945320,146,2026-05-16 10:15:00,305,0,316,305.0,316.0,CORRECT
2945333,146,2026-05-16 10:20:00,305,0,316,305.0,316.0,CORRECT
2945343,146,2026-05-16 10:25:00,305,0,316,305.0,316.0,CORRECT
2945356,146,2026-05-16 10:30:00,305,0,316,305.0,316.0,CORRECT
2945366,146,2026-05-16 10:35:00,305,0,316,305.0,316.0,CORRECT
2945379,146,2026-05-16 10:40:00,305,0,316,305.0,316.0,CORRECT
2945389,146,2026-05-16 10:45:00,305,0,316,305.0,316.0,CORRECT
2945402,146,2026-05-16 10:50:00,305,0,316,305.0,316.0,CORRECT
2945412,146,2026-05-16 10:55:00,306,0,317,305.0,316.0,CORRECT
2945432,146,2026-05-16 11:00:00,306,0,317,306.0,317.0,CORRECT
2945566,146,2026-05-16 11:05:00,307,0,318,306.0,317.0,CORRECT
2945579,146,2026-05-16 11:10:00,308,0,319,307.0,318.0,CORRECT
2945589,146,2026-05-16 11:15:00,308,0,319,308.0,319.0,CORRECT
2945602,146,2026-05-16 11:20:00,309,0,320,308.0,319.0,CORRECT
2945612,146,2026-05-16 11:25:00,309,0,320,309.0,320.0,CORRECT
2945625,146,2026-05-16 11:30:00,310,0,321,309.0,320.0,CORRECT
2945635,146,2026-05-16 11:35:00,310,0,321,310.0,321.0,CORRECT
2945648,146,2026-05-16 11:40:00,311,0,322,310.0,321.0,CORRECT
2945658,146,2026-05-16 11:45:00,312,0,323,311.0,322.0,CORRECT
2945671,146,2026-05-16 11:50:00,312,0,323,312.0,323.0,CORRECT
2945681,146,2026-05-16 11:55:00,313,0,324,312.0,323.0,CORRECT
2945702,146,2026-05-16 12:00:00,313,0,324,313.0,324.0,CORRECT
2945835,146,2026-05-16 12:05:00,314,0,325,313.0,324.0,CORRECT
2945848,146,2026-05-16 12:10:00,314,0,325,314.0,325.0,CORRECT
2945858,146,2026-05-16 12:15:00,315,0,326,314.0,325.0,CORRECT
2945871,146,2026-05-16 12:20:00,316,0,327,315.0,326.0,CORRECT
2945881,146,2026-05-16 12:25:00,316,0,327,316.0,327.0,CORRECT
2945894,146,2026-05-16 12:30:00,316,0,327,316.0,327.0,CORRECT
2945904,146,2026-05-16 12:35:00,316,0,327,316.0,327.0,CORRECT
2945917,146,2026-05-16 12:40:00,316,0,327,316.0,327.0,CORRECT
2945927,146,2026-05-16 12:45:00,316,0,327,316.0,327.0,CORRECT
2945940,146,2026-05-16 12:50:00,316,0,327,316.0,327.0,CORRECT
2945950,146,2026-05-16 12:55:00,316,0,327,316.0,327.0,CORRECT
2945971,146,2026-05-16 13:00:00,316,0,327,316.0,327.0,CORRECT
2946104,146,2026-05-16 13:05:00,316,0,327,316.0,327.0,CORRECT
2946117,146,2026-05-16 13:10:00,316,0,327,316.0,327.0,CORRECT
2946127,146,2026-05-16 13:15:00,316,0,327,316.0,327.0,CORRECT
2946140,146,2026-05-16 13:20:00,317,0,328,316.0,327.0,CORRECT
2946150,146,2026-05-16 13:25:00,318,0,329,317.0,328.0,CORRECT
2946163,146,2026-05-16 13:30:00,318,0,329,318.0,329.0,CORRECT
2946173,146,2026-05-16 13:35:00,319,0,330,318.0,329.0,CORRECT
2946186,146,2026-05-16 13:40:00,319,0,330,319.0,330.0,CORRECT
2946196,146,2026-05-16 13:45:00,320,0,331,319.0,330.0,CORRECT
2946209,146,2026-05-16 13:50:00,320,0,331,320.0,331.0,CORRECT
2946219,146,2026-05-16 13:55:00,321,0,332,320.0,331.0,CORRECT
2946234,146,2026-05-16 14:00:00,322,0,333,321.0,332.0,CORRECT
2946373,146,2026-05-16 14:05:00,322,0,333,322.0,333.0,CORRECT
2946386,146,2026-05-16 14:10:00,323,0,334,322.0,333.0,CORRECT
2946396,146,2026-05-16 14:15:00,323,0,334,323.0,334.0,CORRECT
2946409,146,2026-05-16 14:20:00,324,0,335,323.0,334.0,CORRECT
2946419,146,2026-05-16 14:25:00,324,0,335,324.0,335.0,CORRECT
2946432,146,2026-05-16 14:30:00,325,0,336,324.0,335.0,CORRECT
2946442,146,2026-05-16 14:35:00,325,0,336,325.0,336.0,CORRECT
2946455,146,2026-05-16 14:40:00,326,0,337,325.0,336.0,CORRECT
2946465,146,2026-05-16 14:45:00,327,0,338,326.0,337.0,CORRECT
2946478,146,2026-05-16 14:50:00,327,0,338,327.0,338.0,CORRECT
2946488,146,2026-05-16 14:55:00,328,0,339,327.0,338.0,CORRECT
2946510,146,2026-05-16 15:00:00,328,0,339,328.0,339.0,CORRECT
2946642,146,2026-05-16 15:05:00,328,0,339,328.0,339.0,CORRECT
2946655,146,2026-05-16 15:10:00,328,0,339,328.0,339.0,CORRECT
2946665,146,2026-05-16 15:15:00,328,0,339,328.0,339.0,CORRECT
2946678,146,2026-05-16 15:20:00,328,0,339,328.0,339.0,CORRECT
2946688,146,2026-05-16 15:25:00,328,0,339,328.0,339.0,CORRECT
2946701,146,2026-05-16 15:30:00,328,0,339,328.0,339.0,CORRECT
2946711,146,2026-05-16 15:35:00,328,0,339,328.0,339.0,CORRECT
2946724,146,2026-05-16 15:40:00,328,0,339,328.0,339.0,CORRECT
2946734,146,2026-05-16 15:45:00,328,0,339,328.0,339.0,CORRECT
2946747,146,2026-05-16 15:50:00,329,0,340,328.0,339.0,CORRECT
2946757,146,2026-05-16 15:55:00,329,0,340,329.0,340.0,CORRECT
2946777,146,2026-05-16 16:00:00,330,0,341,329.0,340.0,CORRECT
2946911,146,2026-05-16 16:05:00,330,0,341,330.0,341.0,CORRECT
2946924,146,2026-05-16 16:10:00,331,0,342,330.0,341.0,CORRECT
2946934,146,2026-05-16 16:15:00,331,0,342,331.0,342.0,CORRECT
2946947,146,2026-05-16 16:20:00,332,0,343,331.0,342.0,CORRECT
2946957,146,2026-05-16 16:25:00,332,0,343,332.0,343.0,CORRECT
2946970,146,2026-05-16 16:30:00,333,0,344,332.0,343.0,CORRECT
2946980,146,2026-05-16 16:35:00,334,0,345,333.0,344.0,CORRECT
2946993,146,2026-05-16 16:40:00,334,0,345,334.0,345.0,CORRECT
2947003,146,2026-05-16 16:45:00,335,0,346,334.0,345.0,CORRECT
2947016,146,2026-05-16 16:50:00,335,0,346,335.0,346.0,CORRECT
2947026,146,2026-05-16 16:55:00,336,0,347,335.0,346.0,CORRECT
2947047,146,2026-05-16 17:00:00,336,0,347,336.0,347.0,CORRECT
2947180,146,2026-05-16 17:05:00,337,0,348,336.0,347.0,CORRECT
2947193,146,2026-05-16 17:10:00,338,0,349,337.0,348.0,CORRECT
2947203,146,2026-05-16 17:15:00,338,0,349,338.0,349.0,CORRECT
2947216,146,2026-05-16 17:20:00,339,0,350,338.0,349.0,CORRECT
2947226,146,2026-05-16 17:25:00,339,0,350,339.0,350.0,CORRECT
2947239,146,2026-05-16 17:30:00,340,0,351,339.0,350.0,CORRECT
2947249,146,2026-05-16 17:35:00,340,0,351,340.0,351.0,CORRECT
2947262,146,2026-05-16 17:40:00,341,0,352,340.0,351.0,CORRECT
2947272,146,2026-05-16 17:45:00,342,0,353,341.0,352.0,CORRECT
2947285,146,2026-05-16 17:50:00,342,0,353,342.0,353.0,CORRECT
2947295,146,2026-05-16 17:55:00,342,0,353,342.0,353.0,CORRECT
2947311,146,2026-05-16 18:00:00,342,0,353,342.0,353.0,CORRECT
2947441,146,2026-05-16 18:05:00,342,0,353,342.0,353.0,CORRECT
2947462,146,2026-05-16 18:10:00,342,0,353,342.0,353.0,CORRECT
2947472,146,2026-05-16 18:15:00,342,0,353,342.0,353.0,CORRECT
2947485,146,2026-05-16 18:20:00,342,0,353,342.0,353.0,CORRECT
2947495,146,2026-05-16 18:25:00,342,0,353,342.0,353.0,CORRECT
2947508,146,2026-05-16 18:30:00,342,0,353,342.0,353.0,CORRECT
2947518,146,2026-05-16 18:35:00,342,0,353,342.0,353.0,CORRECT
2947531,146,2026-05-16 18:40:00,343,0,354,342.0,353.0,CORRECT
2947541,146,2026-05-16 18:45:00,343,0,354,343.0,354.0,CORRECT
2947554,146,2026-05-16 18:50:00,344,0,355,343.0,354.0,CORRECT
2947564,146,2026-05-16 18:55:00,344,0,355,344.0,355.0,CORRECT
2947582,146,2026-05-16 19:00:00,345,0,356,344.0,355.0,CORRECT
2947711,146,2026-05-16 19:05:00,345,0,356,345.0,356.0,CORRECT
2947731,146,2026-05-16 19:10:00,346,0,357,345.0,356.0,CORRECT
2947741,146,2026-05-16 19:15:00,347,0,358,346.0,357.0,CORRECT
2947754,146,2026-05-16 19:20:00,347,0,358,347.0,358.0,CORRECT
2947764,146,2026-05-16 19:25:00,348,0,359,347.0,358.0,CORRECT
2947777,146,2026-05-16 19:30:00,348,0,359,348.0,359.0,CORRECT
2947787,146,2026-05-16 19:35:00,349,0,360,348.0,359.0,CORRECT
2947800,146,2026-05-16 19:40:00,349,0,360,349.0,360.0,CORRECT
2947810,146,2026-05-16 19:45:00,350,0,361,349.0,360.0,CORRECT
2947823,146,2026-05-16 19:50:00,351,0,362,350.0,361.0,CORRECT
2947833,146,2026-05-16 19:55:00,351,0,362,351.0,362.0,CORRECT
2947852,146,2026-05-16 20:00:00,352,0,363,351.0,362.0,CORRECT
2947987,146,2026-05-16 20:05:00,352,0,363,352.0,363.0,CORRECT
2948000,146,2026-05-16 20:10:00,353,0,364,352.0,363.0,CORRECT
2948010,146,2026-05-16 20:15:00,353,0,364,353.0,364.0,CORRECT
2948023,146,2026-05-16 20:20:00,353,0,364,353.0,364.0,CORRECT
2948033,146,2026-05-16 20:25:00,353,0,364,353.0,364.0,CORRECT
2948046,146,2026-05-16 20:30:00,353,0,364,353.0,364.0,CORRECT
2948056,146,2026-05-16 20:35:00,353,0,364,353.0,364.0,CORRECT
2948069,146,2026-05-16 20:40:00,353,0,364,353.0,364.0,CORRECT
2948079,146,2026-05-16 20:45:00,353,0,364,353.0,364.0,CORRECT
2948092,146,2026-05-16 20:50:00,353,0,364,353.0,364.0,CORRECT
2948102,146,2026-05-16 20:55:00,353,0,364,353.0,364.0,CORRECT
2948123,146,2026-05-16 21:00:00,353,0,364,353.0,364.0,CORRECT
2948256,146,2026-05-16 21:05:00,353,0,364,353.0,364.0,CORRECT
2948269,146,2026-05-16 21:10:00,354,0,365,353.0,364.0,CORRECT
2948279,146,2026-05-16 21:15:00,354,0,365,354.0,365.0,CORRECT
2948292,146,2026-05-16 21:20:00,355,0,366,354.0,365.0,CORRECT
2948302,146,2026-05-16 21:25:00,355,0,366,355.0,366.0,CORRECT
2948315,146,2026-05-16 21:30:00,356,0,367,355.0,366.0,CORRECT
2948327,146,2026-05-16 21:35:00,356,0,367,356.0,367.0,CORRECT
2948341,146,2026-05-16 21:40:00,357,0,368,356.0,367.0,CORRECT
2948351,146,2026-05-16 21:45:00,358,0,369,357.0,368.0,CORRECT
2948364,146,2026-05-16 21:50:00,358,0,369,358.0,369.0,CORRECT
2948374,146,2026-05-16 21:55:00,359,0,370,358.0,369.0,CORRECT
2948399,146,2026-05-16 22:00:00,359,0,370,359.0,370.0,CORRECT
2948528,146,2026-05-16 22:05:00,360,0,371,359.0,370.0,CORRECT
2948541,146,2026-05-16 22:10:00,360,0,371,360.0,371.0,CORRECT
2948551,146,2026-05-16 22:15:00,361,0,372,360.0,371.0,CORRECT
2948564,146,2026-05-16 22:20:00,362,0,373,361.0,372.0,CORRECT
2943604,8,2026-05-16 04:00:00,28838,0,2173,28838.0,2173.0,CORRECT
2943843,8,2026-05-16 05:00:00,28838,0,2173,28838.0,2173.0,CORRECT
2944108,8,2026-05-16 06:00:00,28838,0,2173,28838.0,2173.0,CORRECT
2944379,8,2026-05-16 07:00:00,28838,0,2173,28838.0,2173.0,CORRECT
2944645,8,2026-05-16 08:00:00,28838,0,2173,28838.0,2173.0,CORRECT
2944918,8,2026-05-16 09:00:00,28838,0,2173,28838.0,2173.0,CORRECT
2945190,8,2026-05-16 10:00:00,28838,0,2173,28838.0,2173.0,CORRECT
2945457,8,2026-05-16 11:00:00,28838,0,2173,28838.0,2173.0,CORRECT
2945727,8,2026-05-16 12:00:00,28838,0,2173,28838.0,2173.0,CORRECT
2945993,8,2026-05-16 13:00:00,28838,0,2173,28838.0,2173.0,CORRECT
2946251,8,2026-05-16 14:00:00,28838,0,2173,28838.0,2173.0,CORRECT
2946537,8,2026-05-16 15:00:00,28838,0,2173,28838.0,2173.0,CORRECT
2946802,8,2026-05-16 16:00:00,28838,0,2173,28838.0,2173.0,CORRECT
2947069,8,2026-05-16 17:00:00,28838,0,2173,28838.0,2173.0,CORRECT
2947326,8,2026-05-16 18:00:00,28838,0,2173,28838.0,2173.0,CORRECT
2947599,8,2026-05-16 19:00:00,28838,0,2173,28838.0,2173.0,CORRECT
2947870,8,2026-05-16 20:00:00,28838,0,2173,28838.0,2173.0,CORRECT
2948145,8,2026-05-16 21:00:00,28838,0,2173,28838.0,2173.0,CORRECT
2948422,8,2026-05-16 22:00:00,28838,0,2173,28838.0,2173.0,CORRECT
2948896,8,2026-05-17 00:00:00,28838,0,2173,28838.0,2173.0,CORRECT
2949164,8,2026-05-17 01:00:00,29349,0,2224,28838.0,2173.0,CORRECT
2949434,8,2026-05-17 02:00:00,29964,0,2286,29349.0,2224.1,CORRECT
2949706,8,2026-05-17 03:00:00,29964,0,2286,29964.0,2285.6,CORRECT
2949981,8,2026-05-17 04:00:00,29964,0,2286,29964.0,2285.6,CORRECT
2950268,8,2026-05-17 05:00:00,29964,0,2286,29964.0,2285.6,CORRECT
2950679,8,2026-05-17 06:00:00,29964,0,2286,29964.0,2285.6,CORRECT
2950918,8,2026-05-17 07:00:00,29964,0,2286,29964.0,2285.6,CORRECT
2951157,8,2026-05-17 08:00:00,29964,0,2286,29964.0,2285.6,CORRECT
2951395,8,2026-05-17 09:00:00,29964,0,2286,29964.0,2285.6,CORRECT
2951634,8,2026-05-17 10:00:00,29964,0,2286,29964.0,2285.6,CORRECT
2951861,8,2026-05-17 11:00:00,29964,0,2286,29964.0,2285.6,CORRECT
2952089,8,2026-05-17 12:00:00,29964,0,2286,29964.0,2285.6,CORRECT
2952323,8,2026-05-17 13:00:00,29964,0,2286,29964.0,2285.6,CORRECT
2952567,8,2026-05-17 14:00:00,29964,0,2286,29964.0,2285.6,CORRECT
2952830,8,2026-05-17 15:00:00,29964,0,2286,29964.0,2285.6,CORRECT
2953069,8,2026-05-17 16:00:00,29964,0,2286,29964.0,2285.6,CORRECT
2953306,8,2026-05-17 17:00:00,29964,0,2286,29964.0,2285.6,CORRECT
2953545,8,2026-05-17 18:00:00,29964,0,2286,29964.0,2285.6,CORRECT
2953783,8,2026-05-17 19:00:00,29964,0,2286,29964.0,2285.6,CORRECT
2954022,8,2026-05-17 20:00:00,29964,0,2286,29964.0,2285.6,CORRECT
2954261,8,2026-05-17 21:00:00,29964,0,2286,29964.0,2285.6,CORRECT
2954455,8,2026-05-17 22:00:00,29964,0,2286,29964.0,2285.6,CORRECT
2954730,8,2026-05-17 23:00:00,29964,0,2286,29964.0,2285.6,CORRECT
2955005,8,2026-05-18 00:00:00,29964,0,2286,29964.0,2285.6,CORRECT
2955237,8,2026-05-18 01:00:00,29964,0,2286,29964.0,2285.6,CORRECT
2955494,8,2026-05-18 02:00:00,29964,0,2286,29964.0,2285.6,CORRECT
2955734,8,2026-05-18 03:00:00,29964,0,2286,29964.0,2285.6,CORRECT
2955972,8,2026-05-18 04:00:00,29964,0,2286,29964.0,2285.6,CORRECT
2956211,8,2026-05-18 05:00:00,29964,0,2286,29964.0,2285.6,CORRECT
2956450,8,2026-05-18 06:00:00,29964,0,2286,29964.0,2285.6,CORRECT
2956689,8,2026-05-18 07:00:00,29964,0,2286,29964.0,2285.6,CORRECT
2956928,8,2026-05-18 08:00:00,29964,0,2286,29964.0,2285.6,CORRECT
2957167,8,2026-05-18 09:00:00,29964,0,2286,29964.0,2285.6,CORRECT
2957406,8,2026-05-18 10:00:00,29964,0,2286,29964.0,2285.6,CORRECT
2957646,8,2026-05-18 11:00:00,29964,0,2286,29964.0,2285.6,CORRECT
2957884,8,2026-05-18 12:00:00,29964,0,2286,29964.0,2285.6,CORRECT
2958123,8,2026-05-18 13:00:00,29964,0,2286,29964.0,2285.6,CORRECT
2958362,8,2026-05-18 14:00:00,29964,0,2286,29964.0,2285.6,CORRECT
2958604,8,2026-05-18 15:00:00,30527,0,2342,29964.0,2285.6,CORRECT
2943361,88,2026-05-16 03:00:00,440389,0,44039,438628.0,43863.0,CORRECT
2943622,88,2026-05-16 04:00:00,440560,0,44056,440389.0,44039.1,CORRECT
2943861,88,2026-05-16 05:00:00,440794,0,44080,440560.0,44056.2,CORRECT
2944128,88,2026-05-16 06:00:00,440995,0,44100,440794.0,44079.6,CORRECT
2944400,88,2026-05-16 07:00:00,441103,0,44111,440995.0,44099.7,CORRECT
2944662,88,2026-05-16 08:00:00,441308,0,44131,441103.0,44110.5,CORRECT
2944938,88,2026-05-16 09:00:00,441324,0,44133,441308.0,44131.0,CORRECT
2945215,88,2026-05-16 10:00:00,441470,0,44147,441324.0,44132.6,CORRECT
2945476,88,2026-05-16 11:00:00,441635,0,44164,441470.0,44147.2,CORRECT
2945745,88,2026-05-16 12:00:00,441720,0,44172,441635.0,44163.7,CORRECT
2946009,88,2026-05-16 13:00:00,441982,0,44198,441720.0,44172.2,CORRECT
2946267,88,2026-05-16 14:00:00,442215,0,44222,441982.0,44198.399999999994,CORRECT
2946559,88,2026-05-16 15:00:00,442436,0,44244,442215.0,44221.7,CORRECT
2946821,88,2026-05-16 16:00:00,442647,0,44265,442436.0,44243.799999999996,CORRECT
2947090,88,2026-05-16 17:00:00,443094,0,44310,442647.0,44264.899999999994,CORRECT
2947338,88,2026-05-16 18:00:00,443399,0,44340,443094.0,44309.59999999999,CORRECT
2947610,88,2026-05-16 19:00:00,443573,0,44357,443399.0,44340.09999999999,CORRECT
2947884,88,2026-05-16 20:00:00,443774,0,44378,443573.0,44357.49999999999,CORRECT
2948172,88,2026-05-16 21:00:00,443944,0,44395,443774.0,44377.59999999999,CORRECT
2948448,88,2026-05-16 22:00:00,444135,0,44414,443944.0,44394.59999999999,CORRECT
2943658,160,2026-05-16 04:00:00,217422,0,35645,217422.0,35645.0,CORRECT
2943903,160,2026-05-16 05:00:00,217422,0,35645,217422.0,35645.0,CORRECT
2944165,160,2026-05-16 06:00:00,217422,0,35645,217422.0,35645.0,CORRECT
2944428,160,2026-05-16 07:00:00,217422,0,35645,217422.0,35645.0,CORRECT
2944690,160,2026-05-16 08:00:00,217422,0,35645,217422.0,35645.0,CORRECT
2944963,160,2026-05-16 09:00:00,217422,0,35645,217422.0,35645.0,CORRECT
2945247,160,2026-05-16 10:00:00,217422,0,35645,217422.0,35645.0,CORRECT
2945512,160,2026-05-16 11:00:00,217422,0,35645,217422.0,35645.0,CORRECT
2945782,160,2026-05-16 12:00:00,217422,0,35645,217422.0,35645.0,CORRECT
2946048,160,2026-05-16 13:00:00,217422,0,35645,217422.0,35645.0,CORRECT
2946286,160,2026-05-16 14:00:00,217422,0,35645,217422.0,35645.0,CORRECT
2946587,160,2026-05-16 15:00:00,217422,0,35645,217422.0,35645.0,CORRECT
2946859,160,2026-05-16 16:00:00,217422,0,35645,217422.0,35645.0,CORRECT
2947111,160,2026-05-16 17:00:00,217422,0,35645,217422.0,35645.0,CORRECT
2947350,160,2026-05-16 18:00:00,217422,0,35645,217422.0,35645.0,CORRECT
2947618,160,2026-05-16 19:00:00,217422,0,35645,217422.0,35645.0,CORRECT
2947912,160,2026-05-16 20:00:00,217422,0,35645,217422.0,35645.0,CORRECT
2948203,160,2026-05-16 21:00:00,217422,0,35645,217422.0,35645.0,CORRECT
2948482,160,2026-05-16 22:00:00,217422,0,35645,217422.0,35645.0,CORRECT
2948910,160,2026-05-17 00:00:00,217422,0,35645,217422.0,35645.0,CORRECT
2949179,160,2026-05-17 01:00:00,217422,0,35645,217422.0,35645.0,CORRECT
2949446,160,2026-05-17 02:00:00,217422,0,35645,217422.0,35645.0,CORRECT
2949729,160,2026-05-17 03:00:00,217422,0,35645,217422.0,35645.0,CORRECT
2950008,160,2026-05-17 04:00:00,217422,0,35645,217422.0,35645.0,CORRECT
2950303,160,2026-05-17 05:00:00,217422,0,35645,217422.0,35645.0,CORRECT
2950692,160,2026-05-17 06:00:00,217422,0,35645,217422.0,35645.0,CORRECT
2950931,160,2026-05-17 07:00:00,217422,0,35645,217422.0,35645.0,CORRECT
2951170,160,2026-05-17 08:00:00,217422,0,35645,217422.0,35645.0,CORRECT
2951409,160,2026-05-17 09:00:00,217422,0,35645,217422.0,35645.0,CORRECT
2951648,160,2026-05-17 10:00:00,217422,0,35645,217422.0,35645.0,CORRECT
2951876,160,2026-05-17 11:00:00,217422,0,35645,217422.0,35645.0,CORRECT
2952103,160,2026-05-17 12:00:00,217422,0,35645,217422.0,35645.0,CORRECT
2952336,160,2026-05-17 13:00:00,217422,0,35645,217422.0,35645.0,CORRECT
2952582,160,2026-05-17 14:00:00,217422,0,35645,217422.0,35645.0,CORRECT
2952843,160,2026-05-17 15:00:00,217422,0,35645,217422.0,35645.0,CORRECT
2953082,160,2026-05-17 16:00:00,217422,0,35645,217422.0,35645.0,CORRECT
2953320,160,2026-05-17 17:00:00,217422,0,35645,217422.0,35645.0,CORRECT
2953559,160,2026-05-17 18:00:00,217422,0,35645,217422.0,35645.0,CORRECT
2953797,160,2026-05-17 19:00:00,217422,0,35645,217422.0,35645.0,CORRECT
2954036,160,2026-05-17 20:00:00,217422,0,35645,217422.0,35645.0,CORRECT
2954275,160,2026-05-17 21:00:00,217422,0,35645,217422.0,35645.0,CORRECT
2954468,160,2026-05-17 22:00:00,217422,0,35645,217422.0,35645.0,CORRECT
2954745,160,2026-05-17 23:00:00,217422,0,35645,217422.0,35645.0,CORRECT
2955018,160,2026-05-18 00:00:00,217422,0,35645,217422.0,35645.0,CORRECT
2955249,160,2026-05-18 01:00:00,217422,0,35645,217422.0,35645.0,CORRECT
2955508,160,2026-05-18 02:00:00,217422,0,35645,217422.0,35645.0,CORRECT
2955747,160,2026-05-18 03:00:00,217422,0,35645,217422.0,35645.0,CORRECT
2955986,160,2026-05-18 04:00:00,217422,0,35645,217422.0,35645.0,CORRECT
2956225,160,2026-05-18 05:00:00,217422,0,35645,217422.0,35645.0,CORRECT
2956464,160,2026-05-18 06:00:00,217422,0,35645,217422.0,35645.0,CORRECT
2956703,160,2026-05-18 07:00:00,217422,0,35645,217422.0,35645.0,CORRECT
2956942,160,2026-05-18 08:00:00,217422,0,35645,217422.0,35645.0,CORRECT
2957181,160,2026-05-18 09:00:00,217422,0,35645,217422.0,35645.0,CORRECT
2957420,160,2026-05-18 10:00:00,217422,0,35645,217422.0,35645.0,CORRECT
2957659,160,2026-05-18 11:00:00,217422,0,35645,217422.0,35645.0,CORRECT
2957898,160,2026-05-18 12:00:00,217422,0,35645,217422.0,35645.0,CORRECT
2958137,160,2026-05-18 13:00:00,217422,0,35645,217422.0,35645.0,CORRECT
2958376,160,2026-05-18 14:00:00,217422,0,35645,217422.0,35645.0,CORRECT
2958634,160,2026-05-18 15:00:00,217422,0,35645,217422.0,35645.0,CORRECT
2943425,190,2026-05-16 03:00:00,531788,0,53179,531788.0,53179.0,CORRECT
2943428,191,2026-05-16 03:00:00,409040,0,40904,409040.0,40904.0,CORRECT
2943420,175,2026-05-16 03:00:00,170398,0,170398,170398.0,170398.0,CORRECT
2943385,176,2026-05-16 03:00:00,1488,0,1488,1488.0,1488.0,CORRECT
2943642,176,2026-05-16 04:00:00,1488,0,1488,1488.0,1488.0,CORRECT
2943888,176,2026-05-16 05:00:00,1488,0,1488,1488.0,1488.0,CORRECT
2944133,176,2026-05-16 06:00:00,1488,0,1488,1488.0,1488.0,CORRECT
2944414,176,2026-05-16 07:00:00,1488,0,1488,1488.0,1488.0,CORRECT
2944673,176,2026-05-16 08:00:00,1488,0,1488,1488.0,1488.0,CORRECT
2944946,176,2026-05-16 09:00:00,1488,0,1488,1488.0,1488.0,CORRECT
2945236,176,2026-05-16 10:00:00,1488,0,1488,1488.0,1488.0,CORRECT
2945501,176,2026-05-16 11:00:00,1488,0,1488,1488.0,1488.0,CORRECT
2945772,176,2026-05-16 12:00:00,1488,0,1488,1488.0,1488.0,CORRECT
2946036,176,2026-05-16 13:00:00,1488,0,1488,1488.0,1488.0,CORRECT
2946273,176,2026-05-16 14:00:00,1488,0,1488,1488.0,1488.0,CORRECT
2946578,176,2026-05-16 15:00:00,1488,0,1488,1488.0,1488.0,CORRECT
2946841,176,2026-05-16 16:00:00,1488,0,1488,1488.0,1488.0,CORRECT
2947107,176,2026-05-16 17:00:00,1488,0,1488,1488.0,1488.0,CORRECT
2947343,176,2026-05-16 18:00:00,1488,0,1488,1488.0,1488.0,CORRECT
2947614,176,2026-05-16 19:00:00,1488,0,1488,1488.0,1488.0,CORRECT
2947904,176,2026-05-16 20:00:00,1488,0,1488,1488.0,1488.0,CORRECT
2948197,176,2026-05-16 21:00:00,1488,0,1488,1488.0,1488.0,CORRECT
2948469,176,2026-05-16 22:00:00,1488,0,1488,1488.0,1488.0,CORRECT
2943394,177,2026-05-16 03:00:00,985303,0,985303,985303.0,985303.0,CORRECT
2943652,177,2026-05-16 04:00:00,985303,0,985303,985303.0,985303.0,CORRECT
2943897,177,2026-05-16 05:00:00,985303,0,985303,985303.0,985303.0,CORRECT
2944142,177,2026-05-16 06:00:00,985303,0,985303,985303.0,985303.0,CORRECT
2944418,177,2026-05-16 07:00:00,985303,0,985303,985303.0,985303.0,CORRECT
2944676,177,2026-05-16 08:00:00,985303,0,985303,985303.0,985303.0,CORRECT
2944951,177,2026-05-16 09:00:00,985303,0,985303,985303.0,985303.0,CORRECT
2945239,177,2026-05-16 10:00:00,985303,0,985303,985303.0,985303.0,CORRECT
2945505,177,2026-05-16 11:00:00,985303,0,985303,985303.0,985303.0,CORRECT
2945775,177,2026-05-16 12:00:00,985303,0,985303,985303.0,985303.0,CORRECT
2946043,177,2026-05-16 13:00:00,985303,0,985303,985303.0,985303.0,CORRECT
2946277,177,2026-05-16 14:00:00,985303,0,985303,985303.0,985303.0,CORRECT
2946580,177,2026-05-16 15:00:00,985303,0,985303,985303.0,985303.0,CORRECT
2946850,177,2026-05-16 16:00:00,985303,0,985303,985303.0,985303.0,CORRECT
2947108,177,2026-05-16 17:00:00,985303,0,985303,985303.0,985303.0,CORRECT
2947346,177,2026-05-16 18:00:00,985303,0,985303,985303.0,985303.0,CORRECT
2947615,177,2026-05-16 19:00:00,985303,0,985303,985303.0,985303.0,CORRECT
2947909,177,2026-05-16 20:00:00,985303,0,985303,985303.0,985303.0,CORRECT
2948200,177,2026-05-16 21:00:00,985303,0,985303,985303.0,985303.0,CORRECT
2948475,177,2026-05-16 22:00:00,985303,0,985303,985303.0,985303.0,CORRECT
2943352,57,2026-05-16 03:00:00,163781,0,163781,163759.0,163759.0,CORRECT
2943612,57,2026-05-16 04:00:00,163781,0,163781,163781.0,163781.0,CORRECT
2943852,57,2026-05-16 05:00:00,163791,0,163791,163781.0,163781.0,CORRECT
2944113,57,2026-05-16 06:00:00,163802,0,163802,163791.0,163791.0,CORRECT
2944390,57,2026-05-16 07:00:00,163812,0,163812,163802.0,163802.0,CORRECT
2944650,57,2026-05-16 08:00:00,163812,0,163812,163812.0,163812.0,CORRECT
2944923,57,2026-05-16 09:00:00,163821,0,163821,163812.0,163812.0,CORRECT
2945196,57,2026-05-16 10:00:00,163831,0,163831,163821.0,163821.0,CORRECT
2945464,57,2026-05-16 11:00:00,163849,0,163849,163831.0,163831.0,CORRECT
2945734,57,2026-05-16 12:00:00,163864,0,163864,163849.0,163849.0,CORRECT
2946002,57,2026-05-16 13:00:00,163872,0,163872,163864.0,163864.0,CORRECT
2946260,57,2026-05-16 14:00:00,163889,0,163889,163872.0,163872.0,CORRECT
2946541,57,2026-05-16 15:00:00,163914,0,163914,163889.0,163889.0,CORRECT
2947075,57,2026-05-16 17:00:00,163942,0,163942,163914.0,163914.0,CORRECT
2947330,57,2026-05-16 18:00:00,163952,0,163952,163942.0,163942.0,CORRECT
2947878,57,2026-05-16 20:00:00,163969,0,163969,163952.0,163952.0,CORRECT
2948153,57,2026-05-16 21:00:00,163969,0,163969,163969.0,163969.0,CORRECT
2948430,57,2026-05-16 22:00:00,163969,0,163969,163969.0,163969.0,CORRECT
2943431,2,2026-05-16 03:00:00,466890,0,466890,465997.0,465997.0,CORRECT
2943258,64,2026-05-16 02:35:00,104564,0,10456,103983.0,10398.0,CORRECT
2943368,151,2026-05-16 03:00:00,210822,0,210822,210822.0,210822.0,CORRECT
2943627,151,2026-05-16 04:00:00,210822,0,210822,210822.0,210822.0,CORRECT
2943869,151,2026-05-16 05:00:00,210822,0,210822,210822.0,210822.0,CORRECT
2944129,151,2026-05-16 06:00:00,210822,0,210822,210822.0,210822.0,CORRECT
2944401,151,2026-05-16 07:00:00,210822,0,210822,210822.0,210822.0,CORRECT
2944666,151,2026-05-16 08:00:00,210822,0,210822,210822.0,210822.0,CORRECT
2944941,151,2026-05-16 09:00:00,210822,0,210822,210822.0,210822.0,CORRECT
2945222,151,2026-05-16 10:00:00,210822,0,210822,210822.0,210822.0,CORRECT
2945484,151,2026-05-16 11:00:00,210822,0,210822,210822.0,210822.0,CORRECT
2945753,151,2026-05-16 12:00:00,210822,0,210822,210822.0,210822.0,CORRECT
2946017,151,2026-05-16 13:00:00,210822,0,210822,210822.0,210822.0,CORRECT
2946268,151,2026-05-16 14:00:00,210822,0,210822,210822.0,210822.0,CORRECT
2946567,151,2026-05-16 15:00:00,210822,0,210822,210822.0,210822.0,CORRECT
2946825,151,2026-05-16 16:00:00,210822,0,210822,210822.0,210822.0,CORRECT
2947096,151,2026-05-16 17:00:00,210822,0,210822,210822.0,210822.0,CORRECT
2947339,151,2026-05-16 18:00:00,210822,0,210822,210822.0,210822.0,CORRECT
2947611,151,2026-05-16 19:00:00,210822,0,210822,210822.0,210822.0,CORRECT
2947890,151,2026-05-16 20:00:00,210822,0,210822,210822.0,210822.0,CORRECT
2948179,151,2026-05-16 21:00:00,210822,0,210822,210822.0,210822.0,CORRECT
2948454,151,2026-05-16 22:00:00,210822,0,210822,210822.0,210822.0,CORRECT
2943374,162,2026-05-16 03:00:00,480074,0,480074,480066.0,480066.0,CORRECT
2943633,162,2026-05-16 04:00:00,480075,0,480075,480074.0,480074.0,CORRECT
2943876,162,2026-05-16 05:00:00,480076,0,480076,480075.0,480075.0,CORRECT
2944131,162,2026-05-16 06:00:00,480077,0,480077,480076.0,480076.0,CORRECT
2944408,162,2026-05-16 07:00:00,480078,0,480078,480077.0,480077.0,CORRECT
2944671,162,2026-05-16 08:00:00,480079,0,480079,480078.0,480078.0,CORRECT
2944943,162,2026-05-16 09:00:00,480080,0,480080,480079.0,480079.0,CORRECT
2945230,162,2026-05-16 10:00:00,480081,0,480081,480080.0,480080.0,CORRECT
2945490,162,2026-05-16 11:00:00,480082,0,480082,480081.0,480081.0,CORRECT
2945759,162,2026-05-16 12:00:00,480082,0,480082,480082.0,480082.0,CORRECT
2946024,162,2026-05-16 13:00:00,480083,0,480083,480082.0,480082.0,CORRECT
2946269,162,2026-05-16 14:00:00,480084,0,480084,480083.0,480083.0,CORRECT
2946573,162,2026-05-16 15:00:00,480085,0,480085,480084.0,480084.0,CORRECT
2946831,162,2026-05-16 16:00:00,480086,0,480086,480085.0,480085.0,CORRECT
2947104,162,2026-05-16 17:00:00,480087,0,480087,480086.0,480086.0,CORRECT
2947341,162,2026-05-16 18:00:00,480088,0,480088,480087.0,480087.0,CORRECT
2947612,162,2026-05-16 19:00:00,480089,0,480089,480088.0,480088.0,CORRECT
2947896,162,2026-05-16 20:00:00,480090,0,480090,480089.0,480089.0,CORRECT
2948189,162,2026-05-16 21:00:00,480091,0,480091,480090.0,480090.0,CORRECT
2948460,162,2026-05-16 22:00:00,480092,0,480092,480091.0,480091.0,CORRECT
2943407,173,2026-05-16 03:00:00,8845,0,8845,8845.0,8845.0,CORRECT
2943437,182,2026-05-16 03:00:00,18164,0,18164,18164.0,18164.0,CORRECT
2943432,203,2026-05-16 03:00:00,9602,0,9602,9602.0,9602.0,CORRECT
2943441,204,2026-05-16 03:00:00,12975,0,12975,12975.0,12975.0,CORRECT
2943415,163,2026-05-16 03:00:00,91058,0,91058,91058.0,91058.0,CORRECT
2943409,167,2026-05-16 03:00:00,60296,0,60296,60296.0,60296.0,CORRECT
2943666,167,2026-05-16 04:00:00,60296,0,60296,60296.0,60296.0,CORRECT
2943908,167,2026-05-16 05:00:00,60296,0,60296,60296.0,60296.0,CORRECT
2944175,167,2026-05-16 06:00:00,60296,0,60296,60296.0,60296.0,CORRECT
2944446,167,2026-05-16 07:00:00,60296,0,60296,60296.0,60296.0,CORRECT
2944703,167,2026-05-16 08:00:00,60296,0,60296,60296.0,60296.0,CORRECT
2944974,167,2026-05-16 09:00:00,60296,0,60296,60296.0,60296.0,CORRECT
2945253,167,2026-05-16 10:00:00,60296,0,60296,60296.0,60296.0,CORRECT
2945521,167,2026-05-16 11:00:00,60296,0,60296,60296.0,60296.0,CORRECT
2945789,167,2026-05-16 12:00:00,60296,0,60296,60296.0,60296.0,CORRECT
2946055,167,2026-05-16 13:00:00,60296,0,60296,60296.0,60296.0,CORRECT
2946294,167,2026-05-16 14:00:00,60296,0,60296,60296.0,60296.0,CORRECT
2946596,167,2026-05-16 15:00:00,60296,0,60296,60296.0,60296.0,CORRECT
2946867,167,2026-05-16 16:00:00,60296,0,60296,60296.0,60296.0,CORRECT
2947114,167,2026-05-16 17:00:00,60296,0,60296,60296.0,60296.0,CORRECT
2947356,167,2026-05-16 18:00:00,60296,0,60296,60296.0,60296.0,CORRECT
2947626,167,2026-05-16 19:00:00,60296,0,60296,60296.0,60296.0,CORRECT
2947917,167,2026-05-16 20:00:00,60296,0,60296,60296.0,60296.0,CORRECT
2948207,167,2026-05-16 21:00:00,60296,0,60296,60296.0,60296.0,CORRECT
2948492,167,2026-05-16 22:00:00,60296,0,60296,60296.0,60296.0,CORRECT
2943649,59,2026-05-16 04:00:00,227,0,105612,227.0,105612.0,CORRECT
2943892,59,2026-05-16 05:00:00,227,0,105612,227.0,105612.0,CORRECT
2944164,59,2026-05-16 06:00:00,227,0,105612,227.0,105612.0,CORRECT
2944442,59,2026-05-16 07:00:00,227,0,105612,227.0,105612.0,CORRECT
2944729,59,2026-05-16 08:00:00,227,0,105612,227.0,105612.0,CORRECT
2944987,59,2026-05-16 09:00:00,227,0,105612,227.0,105612.0,CORRECT
2945231,59,2026-05-16 10:00:00,227,0,105612,227.0,105612.0,CORRECT
2945500,59,2026-05-16 11:00:00,227,0,105612,227.0,105612.0,CORRECT
2945769,59,2026-05-16 12:00:00,227,0,105612,227.0,105612.0,CORRECT
2946038,59,2026-05-16 13:00:00,227,0,105612,227.0,105612.0,CORRECT
2946344,59,2026-05-16 14:00:00,227,0,105612,227.0,105612.0,CORRECT
2946574,59,2026-05-16 15:00:00,227,0,105612,227.0,105612.0,CORRECT
2946847,59,2026-05-16 16:00:00,227,0,105612,227.0,105612.0,CORRECT
2947103,59,2026-05-16 17:00:00,227,0,105612,227.0,105612.0,CORRECT
2947417,59,2026-05-16 18:00:00,227,0,105612,227.0,105612.0,CORRECT
2947649,59,2026-05-16 19:00:00,227,0,105612,227.0,105612.0,CORRECT
2947906,59,2026-05-16 20:00:00,227,0,105612,227.0,105612.0,CORRECT
2948191,59,2026-05-16 21:00:00,227,0,105612,227.0,105612.0,CORRECT
2948470,59,2026-05-16 22:00:00,227,0,105612,227.0,105612.0,CORRECT
2949808,59,2026-05-17 03:00:00,227,0,105612,227.0,105612.0,CORRECT
2950106,59,2026-05-17 04:00:00,227,0,105612,227.0,105612.0,CORRECT
2950426,59,2026-05-17 05:00:00,227,0,105612,227.0,105612.0,CORRECT
2950629,59,2026-05-17 06:00:00,227,0,105612,227.0,105612.0,CORRECT
2950868,59,2026-05-17 07:00:00,227,0,105612,227.0,105612.0,CORRECT
2951107,59,2026-05-17 08:00:00,227,0,105612,227.0,105612.0,CORRECT
2951346,59,2026-05-17 09:00:00,227,0,105612,227.0,105612.0,CORRECT
2951586,59,2026-05-17 10:00:00,227,0,105612,227.0,105612.0,CORRECT
2951824,59,2026-05-17 11:00:00,227,0,105612,227.0,105612.0,CORRECT
2952064,59,2026-05-17 12:00:00,227,0,105612,227.0,105612.0,CORRECT
2952302,59,2026-05-17 13:00:00,227,0,105612,227.0,105612.0,CORRECT
2952541,59,2026-05-17 14:00:00,227,0,105612,227.0,105612.0,CORRECT
2952780,59,2026-05-17 15:00:00,227,0,105612,227.0,105612.0,CORRECT
2953019,59,2026-05-17 16:00:00,227,0,105612,227.0,105612.0,CORRECT
2953257,59,2026-05-17 17:00:00,227,0,105612,227.0,105612.0,CORRECT
2953496,59,2026-05-17 18:00:00,227,0,105612,227.0,105612.0,CORRECT
2953734,59,2026-05-17 19:00:00,227,0,105612,227.0,105612.0,CORRECT
2953973,59,2026-05-17 20:00:00,227,0,105612,227.0,105612.0,CORRECT
2954212,59,2026-05-17 21:00:00,227,0,105612,227.0,105612.0,CORRECT
2943670,20,2026-05-16 04:00:00,15437,0,2815,15414.0,2813.0,CORRECT
2943881,20,2026-05-16 05:00:00,15447,0,2816,15437.0,2815.3,CORRECT
2944147,20,2026-05-16 06:00:00,15457,0,2817,15447.0,2816.3,CORRECT
2944409,20,2026-05-16 07:00:00,15468,0,2818,15457.0,2817.3,CORRECT
2944674,20,2026-05-16 08:00:00,15475,0,2819,15468.0,2818.4,CORRECT
2944939,20,2026-05-16 09:00:00,15483,0,2820,15475.0,2819.1,CORRECT
2945235,20,2026-05-16 10:00:00,15492,0,2821,15483.0,2819.9,CORRECT
2945504,20,2026-05-16 11:00:00,15500,0,2822,15492.0,2820.8,CORRECT
2945774,20,2026-05-16 12:00:00,15510,0,2823,15500.0,2821.6000000000004,CORRECT
2946046,20,2026-05-16 13:00:00,15526,0,2824,15510.0,2822.6000000000004,CORRECT
2946290,20,2026-05-16 14:00:00,15538,0,2825,15526.0,2824.2000000000003,CORRECT
2946582,20,2026-05-16 15:00:00,15552,0,2827,15538.0,2825.4,CORRECT
2946851,20,2026-05-16 16:00:00,15552,0,2827,15552.0,2826.8,CORRECT
2947156,20,2026-05-16 17:00:00,15584,0,2830,15552.0,2826.8,CORRECT
2947424,20,2026-05-16 18:00:00,15601,0,2832,15584.0,2830.0,CORRECT
2947690,20,2026-05-16 19:00:00,15601,0,2832,15601.0,2831.7,CORRECT
2947948,20,2026-05-16 20:00:00,15630,0,2835,15601.0,2831.7,CORRECT
2948167,20,2026-05-16 21:00:00,15644,0,2836,15630.0,2834.6,CORRECT
2948433,20,2026-05-16 22:00:00,15660,0,2838,15644.0,2836.0,CORRECT
2949717,20,2026-05-17 03:00:00,15721,0,2844,15660.0,2837.6,CORRECT
2949988,20,2026-05-17 04:00:00,15746,0,2846,15721.0,2843.7,CORRECT
2950282,20,2026-05-17 05:00:00,15759,0,2848,15746.0,2846.2,CORRECT
2950638,20,2026-05-17 06:00:00,15773,0,2849,15759.0,2847.5,CORRECT
2950877,20,2026-05-17 07:00:00,15785,0,2850,15773.0,2848.9,CORRECT
2951116,20,2026-05-17 08:00:00,15796,0,2851,15785.0,2850.1,CORRECT
2951355,20,2026-05-17 09:00:00,15805,0,2852,15796.0,2851.2,CORRECT
2951594,20,2026-05-17 10:00:00,15814,0,2853,15805.0,2852.1,CORRECT
2951833,20,2026-05-17 11:00:00,15821,0,2854,15814.0,2853.0,CORRECT
2952073,20,2026-05-17 12:00:00,15832,0,2855,15821.0,2853.7,CORRECT
2952312,20,2026-05-17 13:00:00,15846,0,2856,15832.0,2854.7999999999997,CORRECT
2952551,20,2026-05-17 14:00:00,15857,0,2857,15846.0,2856.2,CORRECT
2952790,20,2026-05-17 15:00:00,15875,0,2859,15857.0,2857.2999999999997,CORRECT
2953029,20,2026-05-17 16:00:00,15891,0,2861,15875.0,2859.1,CORRECT
2953267,20,2026-05-17 17:00:00,15905,0,2862,15891.0,2860.7,CORRECT
2953506,20,2026-05-17 18:00:00,15917,0,2863,15905.0,2862.1,CORRECT
2953744,20,2026-05-17 19:00:00,15934,0,2865,15917.0,2863.2999999999997,CORRECT
2953983,20,2026-05-17 20:00:00,15947,0,2866,15934.0,2864.9999999999995,CORRECT
2954222,20,2026-05-17 21:00:00,15961,0,2868,15947.0,2866.2999999999997,CORRECT
2954415,20,2026-05-17 22:00:00,15977,0,2869,15961.0,2867.7,CORRECT
2954669,20,2026-05-17 23:00:00,15984,0,2870,15977.0,2869.2999999999997,CORRECT
2954949,20,2026-05-18 00:00:00,16000,0,2872,15984.0,2869.9999999999995,CORRECT
2955182,20,2026-05-18 01:00:00,16012,0,2873,16000.0,2871.5999999999995,CORRECT
2955438,20,2026-05-18 02:00:00,16026,0,2874,16012.0,2872.7999999999993,CORRECT
2955694,20,2026-05-18 03:00:00,16041,0,2876,16026.0,2874.1999999999994,CORRECT
2955933,20,2026-05-18 04:00:00,16060,0,2878,16041.0,2875.6999999999994,CORRECT
2956172,20,2026-05-18 05:00:00,16071,0,2879,16060.0,2877.5999999999995,CORRECT
2956411,20,2026-05-18 06:00:00,16081,0,2880,16071.0,2878.6999999999994,CORRECT
2956650,20,2026-05-18 07:00:00,16092,0,2881,16081.0,2879.6999999999994,CORRECT
2956889,20,2026-05-18 08:00:00,16099,0,2881,16092.0,2880.7999999999993,CORRECT
2957128,20,2026-05-18 09:00:00,16107,0,2882,16099.0,2881.499999999999,CORRECT
2957367,20,2026-05-18 10:00:00,16117,0,2883,16107.0,2882.2999999999993,CORRECT
2957606,20,2026-05-18 11:00:00,16127,0,2884,16117.0,2883.2999999999993,CORRECT
2957845,20,2026-05-18 12:00:00,16138,0,2885,16127.0,2884.2999999999993,CORRECT
2958084,20,2026-05-18 13:00:00,16151,0,2887,16138.0,2885.399999999999,CORRECT
2958323,20,2026-05-18 14:00:00,16164,0,2888,16151.0,2886.6999999999994,CORRECT
2958585,20,2026-05-18 15:00:00,16186,0,2890,16164.0,2887.9999999999995,CORRECT
2943667,24,2026-05-16 04:00:00,10814,0,3499,10814.0,3499.0,CORRECT
2943663,25,2026-05-16 04:00:00,36533,0,19213,36533.0,19213.0,CORRECT
2943859,25,2026-05-16 05:00:00,36533,0,19213,36533.0,19213.0,CORRECT
2944130,25,2026-05-16 06:00:00,36533,0,19213,36533.0,19213.0,CORRECT
2944397,25,2026-05-16 07:00:00,36533,0,19213,36533.0,19213.0,CORRECT
2944659,25,2026-05-16 08:00:00,36533,0,19213,36533.0,19213.0,CORRECT
2944928,25,2026-05-16 09:00:00,36533,0,19213,36533.0,19213.0,CORRECT
2945214,25,2026-05-16 10:00:00,36533,0,19213,36533.0,19213.0,CORRECT
2945492,25,2026-05-16 11:00:00,36533,0,19213,36533.0,19213.0,CORRECT
2945758,25,2026-05-16 12:00:00,36533,0,19213,36533.0,19213.0,CORRECT
2946029,25,2026-05-16 13:00:00,36533,0,19213,36533.0,19213.0,CORRECT
2946279,25,2026-05-16 14:00:00,36533,0,19213,36533.0,19213.0,CORRECT
2946564,25,2026-05-16 15:00:00,36533,0,19213,36533.0,19213.0,CORRECT
2946828,25,2026-05-16 16:00:00,36533,0,19213,36533.0,19213.0,CORRECT
2947151,25,2026-05-16 17:00:00,36533,0,19213,36533.0,19213.0,CORRECT
2947414,25,2026-05-16 18:00:00,36533,0,19213,36533.0,19213.0,CORRECT
2947686,25,2026-05-16 19:00:00,36533,0,19213,36533.0,19213.0,CORRECT
2947941,25,2026-05-16 20:00:00,36533,0,19213,36533.0,19213.0,CORRECT
2948157,25,2026-05-16 21:00:00,36533,0,19213,36533.0,19213.0,CORRECT
2948426,25,2026-05-16 22:00:00,36533,0,19213,36533.0,19213.0,CORRECT
2949713,25,2026-05-17 03:00:00,36533,0,19213,36533.0,19213.0,CORRECT
2949985,25,2026-05-17 04:00:00,36533,0,19213,36533.0,19213.0,CORRECT
2950277,25,2026-05-17 05:00:00,36533,0,19213,36533.0,19213.0,CORRECT
2950637,25,2026-05-17 06:00:00,36533,0,19213,36533.0,19213.0,CORRECT
2950876,25,2026-05-17 07:00:00,36533,0,19213,36533.0,19213.0,CORRECT
2951115,25,2026-05-17 08:00:00,36533,0,19213,36533.0,19213.0,CORRECT
2951354,25,2026-05-17 09:00:00,36533,0,19213,36533.0,19213.0,CORRECT
2951593,25,2026-05-17 10:00:00,36533,0,19213,36533.0,19213.0,CORRECT
2951832,25,2026-05-17 11:00:00,36533,0,19213,36533.0,19213.0,CORRECT
2952072,25,2026-05-17 12:00:00,36533,0,19213,36533.0,19213.0,CORRECT
2952311,25,2026-05-17 13:00:00,36533,0,19213,36533.0,19213.0,CORRECT
2952550,25,2026-05-17 14:00:00,36533,0,19213,36533.0,19213.0,CORRECT
2952789,25,2026-05-17 15:00:00,36533,0,19213,36533.0,19213.0,CORRECT
2953028,25,2026-05-17 16:00:00,36533,0,19213,36533.0,19213.0,CORRECT
2953266,25,2026-05-17 17:00:00,36533,0,19213,36533.0,19213.0,CORRECT
2953505,25,2026-05-17 18:00:00,36533,0,19213,36533.0,19213.0,CORRECT
2953743,25,2026-05-17 19:00:00,36533,0,19213,36533.0,19213.0,CORRECT
2953982,25,2026-05-17 20:00:00,36533,0,19213,36533.0,19213.0,CORRECT
2954221,25,2026-05-17 21:00:00,36533,0,19213,36533.0,19213.0,CORRECT
2954414,25,2026-05-17 22:00:00,36533,0,19213,36533.0,19213.0,CORRECT
2954667,25,2026-05-17 23:00:00,36533,0,19213,36533.0,19213.0,CORRECT
2954947,25,2026-05-18 00:00:00,36533,0,19213,36533.0,19213.0,CORRECT
2955180,25,2026-05-18 01:00:00,36533,0,19213,36533.0,19213.0,CORRECT
2955437,25,2026-05-18 02:00:00,36533,0,19213,36533.0,19213.0,CORRECT
2955693,25,2026-05-18 03:00:00,36533,0,19213,36533.0,19213.0,CORRECT
2955932,25,2026-05-18 04:00:00,36533,0,19213,36533.0,19213.0,CORRECT
2956171,25,2026-05-18 05:00:00,36533,0,19213,36533.0,19213.0,CORRECT
2956410,25,2026-05-18 06:00:00,36533,0,19213,36533.0,19213.0,CORRECT
2956649,25,2026-05-18 07:00:00,36533,0,19213,36533.0,19213.0,CORRECT
2956888,25,2026-05-18 08:00:00,36533,0,19213,36533.0,19213.0,CORRECT
2957127,25,2026-05-18 09:00:00,36533,0,19213,36533.0,19213.0,CORRECT
2957366,25,2026-05-18 10:00:00,36533,0,19213,36533.0,19213.0,CORRECT
2957605,25,2026-05-18 11:00:00,36533,0,19213,36533.0,19213.0,CORRECT
2957844,25,2026-05-18 12:00:00,36533,0,19213,36533.0,19213.0,CORRECT
2958083,25,2026-05-18 13:00:00,36533,0,19213,36533.0,19213.0,CORRECT
2958322,25,2026-05-18 14:00:00,36533,0,19213,36533.0,19213.0,CORRECT
2958584,25,2026-05-18 15:00:00,36533,0,19213,36533.0,19213.0,CORRECT
2943422,179,2026-05-16 03:00:00,955740,0,9557,955740.0,9557.0,CORRECT
2906035,65,2026-05-10 08:00:00,118405,0,118405,118363.0,118363.0,CORRECT
2906317,65,2026-05-10 09:00:00,118422,0,118422,118405.0,118405.0,CORRECT
2906604,65,2026-05-10 10:00:00,118435,0,118435,118422.0,118422.0,CORRECT
2906878,65,2026-05-10 11:00:00,118447,0,118447,118435.0,118435.0,CORRECT
2907150,65,2026-05-10 12:00:00,118464,0,118464,118447.0,118447.0,CORRECT
2907427,65,2026-05-10 13:00:00,118481,0,118481,118464.0,118464.0,CORRECT
2907705,65,2026-05-10 14:00:00,118545,0,118545,118481.0,118481.0,CORRECT
2907989,65,2026-05-10 15:00:00,118558,0,118558,118545.0,118545.0,CORRECT
2908266,65,2026-05-10 16:00:00,118575,0,118575,118558.0,118558.0,CORRECT
2908539,65,2026-05-10 17:00:00,118593,0,118593,118575.0,118575.0,CORRECT
2908815,65,2026-05-10 18:00:00,118605,0,118605,118593.0,118593.0,CORRECT
2909092,65,2026-05-10 19:00:00,118622,0,118622,118605.0,118605.0,CORRECT
2909401,65,2026-05-10 20:00:00,118641,0,118641,118622.0,118622.0,CORRECT
2909669,65,2026-05-10 21:00:00,118658,0,118658,118641.0,118641.0,CORRECT
2909920,65,2026-05-10 22:00:00,118667,0,118667,118658.0,118658.0,CORRECT
2910194,65,2026-05-10 23:00:00,118685,0,118685,118667.0,118667.0,CORRECT
2910479,65,2026-05-11 00:00:00,118721,0,118721,118685.0,118685.0,CORRECT
2910748,65,2026-05-11 01:00:00,118784,0,118784,118721.0,118721.0,CORRECT
2911033,65,2026-05-11 02:00:00,118803,0,118803,118784.0,118784.0,CORRECT
2911305,65,2026-05-11 03:00:00,118835,0,118835,118803.0,118803.0,CORRECT
2911589,65,2026-05-11 04:00:00,118844,0,118844,118835.0,118835.0,CORRECT
2911861,65,2026-05-11 05:00:00,118855,0,118855,118844.0,118844.0,CORRECT
2912138,65,2026-05-11 06:00:00,118874,0,118874,118855.0,118855.0,CORRECT
2912413,65,2026-05-11 07:00:00,118891,0,118891,118874.0,118874.0,CORRECT
2912692,65,2026-05-11 08:00:00,118910,0,118910,118891.0,118891.0,CORRECT
2912965,65,2026-05-11 09:00:00,118928,0,118928,118910.0,118910.0,CORRECT
2913248,65,2026-05-11 10:00:00,118950,0,118950,118928.0,118928.0,CORRECT
2913526,65,2026-05-11 11:00:00,119024,0,119024,118950.0,118950.0,CORRECT
2913801,65,2026-05-11 12:00:00,119046,0,119046,119024.0,119024.0,CORRECT
2914079,65,2026-05-11 13:00:00,119060,0,119060,119046.0,119046.0,CORRECT
2914378,65,2026-05-11 14:00:00,119074,0,119074,119060.0,119060.0,CORRECT
2914627,65,2026-05-11 15:00:00,119074,0,119074,119074.0,119074.0,CORRECT
2914928,65,2026-05-11 16:00:00,119074,0,119074,119074.0,119074.0,CORRECT
2915182,65,2026-05-11 17:00:00,119095,0,119095,119074.0,119074.0,CORRECT
2915456,65,2026-05-11 18:00:00,119168,0,119168,119095.0,119095.0,CORRECT
2915732,65,2026-05-11 19:00:00,119176,0,119176,119168.0,119168.0,CORRECT
2916012,65,2026-05-11 20:00:00,119194,0,119194,119176.0,119176.0,CORRECT
2916287,65,2026-05-11 21:00:00,119239,0,119239,119194.0,119194.0,CORRECT
2916560,65,2026-05-11 22:00:00,119273,0,119273,119239.0,119239.0,CORRECT
2916837,65,2026-05-11 23:00:00,119322,0,119322,119273.0,119273.0,CORRECT
2917117,65,2026-05-12 00:00:00,119337,0,119337,119322.0,119322.0,CORRECT
2917391,65,2026-05-12 01:00:00,119351,0,119351,119337.0,119337.0,CORRECT
2917676,65,2026-05-12 02:00:00,119364,0,119364,119351.0,119351.0,CORRECT
2917939,65,2026-05-12 03:00:00,119471,0,119471,119364.0,119364.0,CORRECT
2918212,65,2026-05-12 04:00:00,119489,0,119489,119471.0,119471.0,CORRECT
2918498,65,2026-05-12 05:00:00,119503,0,119503,119489.0,119489.0,CORRECT
2918774,65,2026-05-12 06:00:00,119522,0,119522,119503.0,119503.0,CORRECT
2919070,65,2026-05-12 07:00:00,119522,0,119522,119522.0,119522.0,CORRECT
2919317,65,2026-05-12 08:00:00,119638,0,119638,119522.0,119522.0,CORRECT
2919599,65,2026-05-12 09:00:00,119655,0,119655,119638.0,119638.0,CORRECT
2919872,65,2026-05-12 10:00:00,119669,0,119669,119655.0,119655.0,CORRECT
2920154,65,2026-05-12 11:00:00,119688,0,119688,119669.0,119669.0,CORRECT
2920426,65,2026-05-12 12:00:00,119756,0,119756,119688.0,119688.0,CORRECT
2920704,65,2026-05-12 13:00:00,119797,0,119797,119756.0,119756.0,CORRECT
2920976,65,2026-05-12 14:00:00,119816,0,119816,119797.0,119797.0,CORRECT
2921254,65,2026-05-12 15:00:00,119833,0,119833,119816.0,119816.0,CORRECT
2921522,65,2026-05-12 16:00:00,119852,0,119852,119833.0,119833.0,CORRECT
2921793,65,2026-05-12 17:00:00,119902,0,119902,119852.0,119852.0,CORRECT
2922066,65,2026-05-12 18:00:00,119954,0,119954,119902.0,119902.0,CORRECT
2923336,65,2026-05-12 19:00:00,119973,0,119973,119954.0,119954.0,CORRECT
2923602,65,2026-05-12 20:00:00,119991,0,119991,119973.0,119973.0,CORRECT
2923871,65,2026-05-12 21:00:00,120009,0,120009,119991.0,119991.0,CORRECT
2924143,65,2026-05-12 22:00:00,120018,0,120018,120009.0,120009.0,CORRECT
2924415,65,2026-05-12 23:00:00,120035,0,120035,120018.0,120018.0,CORRECT
2924682,65,2026-05-13 00:00:00,120053,0,120053,120035.0,120035.0,CORRECT
2924961,65,2026-05-13 01:00:00,120070,0,120070,120053.0,120053.0,CORRECT
2925223,65,2026-05-13 02:00:00,120133,0,120133,120070.0,120070.0,CORRECT
2925497,65,2026-05-13 03:00:00,120182,0,120182,120133.0,120133.0,CORRECT
2925763,65,2026-05-13 04:00:00,120198,0,120198,120182.0,120182.0,CORRECT
2926036,65,2026-05-13 05:00:00,120217,0,120217,120198.0,120198.0,CORRECT
2926301,65,2026-05-13 06:00:00,120233,0,120233,120217.0,120217.0,CORRECT
2926571,65,2026-05-13 07:00:00,120253,0,120253,120233.0,120233.0,CORRECT
2926843,65,2026-05-13 08:00:00,120269,0,120269,120253.0,120253.0,CORRECT
2927112,65,2026-05-13 09:00:00,120288,0,120288,120269.0,120269.0,CORRECT
2927384,65,2026-05-13 10:00:00,120304,0,120304,120288.0,120288.0,CORRECT
2927654,65,2026-05-13 11:00:00,120324,0,120324,120304.0,120304.0,CORRECT
2927925,65,2026-05-13 12:00:00,120370,0,120370,120324.0,120324.0,CORRECT
2928199,65,2026-05-13 13:00:00,120416,0,120416,120370.0,120370.0,CORRECT
2928461,65,2026-05-13 14:00:00,120435,0,120435,120416.0,120416.0,CORRECT
2928729,65,2026-05-13 15:00:00,120443,0,120443,120435.0,120435.0,CORRECT
2928999,65,2026-05-13 16:00:00,120450,0,120450,120443.0,120443.0,CORRECT
2929268,65,2026-05-13 17:00:00,120478,0,120478,120450.0,120450.0,CORRECT
2929535,65,2026-05-13 18:00:00,120503,0,120503,120478.0,120478.0,CORRECT
2929797,65,2026-05-13 19:00:00,120522,0,120522,120503.0,120503.0,CORRECT
2930063,65,2026-05-13 20:00:00,120552,0,120552,120522.0,120522.0,CORRECT
2930341,65,2026-05-13 21:00:00,120619,0,120619,120552.0,120552.0,CORRECT
2943613,87,2026-05-16 04:00:00,2573,0,196569,2525.0,196521.0,CORRECT
2943855,87,2026-05-16 05:00:00,2613,0,196609,2573.0,196569.0,CORRECT
2944115,87,2026-05-16 06:00:00,2665,0,196661,2613.0,196609.0,CORRECT
2944393,87,2026-05-16 07:00:00,2721,0,196717,2665.0,196661.0,CORRECT
2944654,87,2026-05-16 08:00:00,2769,0,196765,2721.0,196717.0,CORRECT
2944926,87,2026-05-16 09:00:00,2817,0,196813,2769.0,196765.0,CORRECT
2945199,87,2026-05-16 10:00:00,2877,0,196873,2817.0,196813.0,CORRECT
2945466,87,2026-05-16 11:00:00,2942,0,196938,2877.0,196873.0,CORRECT
2945735,87,2026-05-16 12:00:00,2996,0,196992,2942.0,196938.0,CORRECT
2946004,87,2026-05-16 13:00:00,3047,0,197043,2996.0,196992.0,CORRECT
2946264,87,2026-05-16 14:00:00,3094,0,197090,3047.0,197043.0,CORRECT
2946543,87,2026-05-16 15:00:00,3151,0,197147,3094.0,197090.0,CORRECT
2946811,87,2026-05-16 16:00:00,3213,0,197209,3151.0,197147.0,CORRECT
2947077,87,2026-05-16 17:00:00,3327,0,197323,3213.0,197209.0,CORRECT
2947331,87,2026-05-16 18:00:00,3434,0,197430,3327.0,197323.0,CORRECT
2947607,87,2026-05-16 19:00:00,3510,0,197506,3434.0,197430.0,CORRECT
2947879,87,2026-05-16 20:00:00,3550,0,197546,3510.0,197506.0,CORRECT
2948156,87,2026-05-16 21:00:00,3592,0,197588,3550.0,197546.0,CORRECT
2948432,87,2026-05-16 22:00:00,3657,0,197653,3592.0,197588.0,CORRECT
2948902,87,2026-05-17 00:00:00,3916,0,197912,3657.0,197653.0,CORRECT
2949170,87,2026-05-17 01:00:00,4034,0,198030,3916.0,197912.0,CORRECT
2949440,87,2026-05-17 02:00:00,4110,0,198106,4034.0,198030.0,CORRECT
2949714,87,2026-05-17 03:00:00,4122,0,198118,4110.0,198106.0,CORRECT
2949989,87,2026-05-17 04:00:00,4134,0,198130,4122.0,198118.0,CORRECT
2950283,87,2026-05-17 05:00:00,4194,0,198190,4134.0,198130.0,CORRECT
2950684,87,2026-05-17 06:00:00,4212,0,198208,4194.0,198190.0,CORRECT
2950923,87,2026-05-17 07:00:00,4258,0,198254,4212.0,198208.0,CORRECT
2951162,87,2026-05-17 08:00:00,4290,0,198286,4258.0,198254.0,CORRECT
2951400,87,2026-05-17 09:00:00,4348,0,198344,4290.0,198286.0,CORRECT
2951639,87,2026-05-17 10:00:00,4402,0,198398,4348.0,198344.0,CORRECT
2951866,87,2026-05-17 11:00:00,4466,0,198462,4402.0,198398.0,CORRECT
2952094,87,2026-05-17 12:00:00,4511,0,198507,4466.0,198462.0,CORRECT
2952328,87,2026-05-17 13:00:00,4540,0,198536,4511.0,198507.0,CORRECT
2952572,87,2026-05-17 14:00:00,4567,0,198563,4540.0,198536.0,CORRECT
2952835,87,2026-05-17 15:00:00,4592,0,198588,4567.0,198563.0,CORRECT
2953074,87,2026-05-17 16:00:00,4604,0,198600,4592.0,198588.0,CORRECT
2953312,87,2026-05-17 17:00:00,4616,0,198612,4604.0,198600.0,CORRECT
2953550,87,2026-05-17 18:00:00,4628,0,198624,4616.0,198612.0,CORRECT
2953788,87,2026-05-17 19:00:00,4640,0,198636,4628.0,198624.0,CORRECT
2954027,87,2026-05-17 20:00:00,4682,0,198678,4640.0,198636.0,CORRECT
2954266,87,2026-05-17 21:00:00,4724,0,198720,4682.0,198678.0,CORRECT
2954460,87,2026-05-17 22:00:00,4842,0,198838,4724.0,198720.0,CORRECT
2954736,87,2026-05-17 23:00:00,4941,0,198937,4842.0,198838.0,CORRECT
2955010,87,2026-05-18 00:00:00,5013,0,199009,4941.0,198937.0,CORRECT
2955242,87,2026-05-18 01:00:00,5013,0,199009,5013.0,199009.0,CORRECT
2955499,87,2026-05-18 02:00:00,5013,0,199009,5013.0,199009.0,CORRECT
2955739,87,2026-05-18 03:00:00,5013,0,199009,5013.0,199009.0,CORRECT
2955977,87,2026-05-18 04:00:00,5013,0,199009,5013.0,199009.0,CORRECT
2956216,87,2026-05-18 05:00:00,5013,0,199009,5013.0,199009.0,CORRECT
2956455,87,2026-05-18 06:00:00,5013,0,199009,5013.0,199009.0,CORRECT
2956694,87,2026-05-18 07:00:00,5013,0,199009,5013.0,199009.0,CORRECT
2956933,87,2026-05-18 08:00:00,5013,0,199009,5013.0,199009.0,CORRECT
2957172,87,2026-05-18 09:00:00,5013,0,199009,5013.0,199009.0,CORRECT
2957412,87,2026-05-18 10:00:00,5013,0,199009,5013.0,199009.0,CORRECT
2957651,87,2026-05-18 11:00:00,5013,0,199009,5013.0,199009.0,CORRECT
2957890,87,2026-05-18 12:00:00,5013,0,199009,5013.0,199009.0,CORRECT
2958128,87,2026-05-18 13:00:00,5519,0,199515,5013.0,199009.0,CORRECT
2958368,87,2026-05-18 14:00:00,5564,0,199560,5519.0,199515.0,CORRECT
2958606,87,2026-05-18 15:00:00,5594,0,199590,5564.0,199560.0,CORRECT
2906033,127,2026-05-10 08:00:00,15576,0,15576,15576.0,15576.0,CORRECT
2906316,127,2026-05-10 09:00:00,15576,0,15576,15576.0,15576.0,CORRECT
2906601,127,2026-05-10 10:00:00,15576,0,15576,15576.0,15576.0,CORRECT
2906875,127,2026-05-10 11:00:00,15576,0,15576,15576.0,15576.0,CORRECT
2907148,127,2026-05-10 12:00:00,15576,0,15576,15576.0,15576.0,CORRECT
2907425,127,2026-05-10 13:00:00,15576,0,15576,15576.0,15576.0,CORRECT
2907703,127,2026-05-10 14:00:00,15576,0,15576,15576.0,15576.0,CORRECT
2907987,127,2026-05-10 15:00:00,15576,0,15576,15576.0,15576.0,CORRECT
2908263,127,2026-05-10 16:00:00,15576,0,15576,15576.0,15576.0,CORRECT
2908537,127,2026-05-10 17:00:00,15576,0,15576,15576.0,15576.0,CORRECT
2908813,127,2026-05-10 18:00:00,15576,0,15576,15576.0,15576.0,CORRECT
2909090,127,2026-05-10 19:00:00,15576,0,15576,15576.0,15576.0,CORRECT
2909400,127,2026-05-10 20:00:00,15576,0,15576,15576.0,15576.0,CORRECT
2909668,127,2026-05-10 21:00:00,15576,0,15576,15576.0,15576.0,CORRECT
2909919,127,2026-05-10 22:00:00,15576,0,15576,15576.0,15576.0,CORRECT
2910192,127,2026-05-10 23:00:00,15576,0,15576,15576.0,15576.0,CORRECT
2910476,127,2026-05-11 00:00:00,15576,0,15576,15576.0,15576.0,CORRECT
2910746,127,2026-05-11 01:00:00,15576,0,15576,15576.0,15576.0,CORRECT
2911030,127,2026-05-11 02:00:00,15576,0,15576,15576.0,15576.0,CORRECT
2911302,127,2026-05-11 03:00:00,15576,0,15576,15576.0,15576.0,CORRECT
2911586,127,2026-05-11 04:00:00,15576,0,15576,15576.0,15576.0,CORRECT
2911859,127,2026-05-11 05:00:00,15576,0,15576,15576.0,15576.0,CORRECT
2912136,127,2026-05-11 06:00:00,15576,0,15576,15576.0,15576.0,CORRECT
2912411,127,2026-05-11 07:00:00,15576,0,15576,15576.0,15576.0,CORRECT
2912689,127,2026-05-11 08:00:00,15576,0,15576,15576.0,15576.0,CORRECT
2912964,127,2026-05-11 09:00:00,15576,0,15576,15576.0,15576.0,CORRECT
2913246,127,2026-05-11 10:00:00,15576,0,15576,15576.0,15576.0,CORRECT
2913524,127,2026-05-11 11:00:00,15576,0,15576,15576.0,15576.0,CORRECT
2913799,127,2026-05-11 12:00:00,15576,0,15576,15576.0,15576.0,CORRECT
2914077,127,2026-05-11 13:00:00,15576,0,15576,15576.0,15576.0,CORRECT
2914377,127,2026-05-11 14:00:00,15576,0,15576,15576.0,15576.0,CORRECT
2914625,127,2026-05-11 15:00:00,15576,0,15576,15576.0,15576.0,CORRECT
2914926,127,2026-05-11 16:00:00,15576,0,15576,15576.0,15576.0,CORRECT
2915180,127,2026-05-11 17:00:00,15576,0,15576,15576.0,15576.0,CORRECT
2915454,127,2026-05-11 18:00:00,15576,0,15576,15576.0,15576.0,CORRECT
2915730,127,2026-05-11 19:00:00,15576,0,15576,15576.0,15576.0,CORRECT
2916010,127,2026-05-11 20:00:00,15576,0,15576,15576.0,15576.0,CORRECT
2916285,127,2026-05-11 21:00:00,15576,0,15576,15576.0,15576.0,CORRECT
2916558,127,2026-05-11 22:00:00,15576,0,15576,15576.0,15576.0,CORRECT
2916835,127,2026-05-11 23:00:00,15576,0,15576,15576.0,15576.0,CORRECT
2917115,127,2026-05-12 00:00:00,15576,0,15576,15576.0,15576.0,CORRECT
2917389,127,2026-05-12 01:00:00,15576,0,15576,15576.0,15576.0,CORRECT
2917673,127,2026-05-12 02:00:00,15576,0,15576,15576.0,15576.0,CORRECT
2917937,127,2026-05-12 03:00:00,15576,0,15576,15576.0,15576.0,CORRECT
2918210,127,2026-05-12 04:00:00,15576,0,15576,15576.0,15576.0,CORRECT
2918496,127,2026-05-12 05:00:00,15576,0,15576,15576.0,15576.0,CORRECT
2918771,127,2026-05-12 06:00:00,15576,0,15576,15576.0,15576.0,CORRECT
2919069,127,2026-05-12 07:00:00,15576,0,15576,15576.0,15576.0,CORRECT
2919316,127,2026-05-12 08:00:00,15576,0,15576,15576.0,15576.0,CORRECT
2919597,127,2026-05-12 09:00:00,15576,0,15576,15576.0,15576.0,CORRECT
2919870,127,2026-05-12 10:00:00,15576,0,15576,15576.0,15576.0,CORRECT
2920152,127,2026-05-12 11:00:00,15576,0,15576,15576.0,15576.0,CORRECT
2920425,127,2026-05-12 12:00:00,15576,0,15576,15576.0,15576.0,CORRECT
2920702,127,2026-05-12 13:00:00,15576,0,15576,15576.0,15576.0,CORRECT
2920974,127,2026-05-12 14:00:00,15576,0,15576,15576.0,15576.0,CORRECT
2921252,127,2026-05-12 15:00:00,15576,0,15576,15576.0,15576.0,CORRECT
2921520,127,2026-05-12 16:00:00,15576,0,15576,15576.0,15576.0,CORRECT
2921791,127,2026-05-12 17:00:00,15576,0,15576,15576.0,15576.0,CORRECT
2922064,127,2026-05-12 18:00:00,15576,0,15576,15576.0,15576.0,CORRECT
2923334,127,2026-05-12 19:00:00,15576,0,15576,15576.0,15576.0,CORRECT
2923600,127,2026-05-12 20:00:00,15576,0,15576,15576.0,15576.0,CORRECT
2923869,127,2026-05-12 21:00:00,15576,0,15576,15576.0,15576.0,CORRECT
2924141,127,2026-05-12 22:00:00,15576,0,15576,15576.0,15576.0,CORRECT
2924414,127,2026-05-12 23:00:00,15576,0,15576,15576.0,15576.0,CORRECT
2924680,127,2026-05-13 00:00:00,15577,0,15577,15576.0,15576.0,CORRECT
2924959,127,2026-05-13 01:00:00,15600,0,15600,15577.0,15577.0,CORRECT
2925221,127,2026-05-13 02:00:00,15622,0,15622,15600.0,15600.0,CORRECT
2925496,127,2026-05-13 03:00:00,15661,0,15661,15622.0,15622.0,CORRECT
2925761,127,2026-05-13 04:00:00,15682,0,15682,15661.0,15661.0,CORRECT
2926035,127,2026-05-13 05:00:00,15682,0,15682,15682.0,15682.0,CORRECT
2926299,127,2026-05-13 06:00:00,15682,0,15682,15682.0,15682.0,CORRECT
2926569,127,2026-05-13 07:00:00,15682,0,15682,15682.0,15682.0,CORRECT
2926841,127,2026-05-13 08:00:00,15682,0,15682,15682.0,15682.0,CORRECT
2927110,127,2026-05-13 09:00:00,15682,0,15682,15682.0,15682.0,CORRECT
2927381,127,2026-05-13 10:00:00,15682,0,15682,15682.0,15682.0,CORRECT
2927652,127,2026-05-13 11:00:00,15682,0,15682,15682.0,15682.0,CORRECT
2927923,127,2026-05-13 12:00:00,15682,0,15682,15682.0,15682.0,CORRECT
2928194,127,2026-05-13 13:00:00,15682,0,15682,15682.0,15682.0,CORRECT
2928459,127,2026-05-13 14:00:00,15682,0,15682,15682.0,15682.0,CORRECT
2928728,127,2026-05-13 15:00:00,15682,0,15682,15682.0,15682.0,CORRECT
2928997,127,2026-05-13 16:00:00,15682,0,15682,15682.0,15682.0,CORRECT
2929266,127,2026-05-13 17:00:00,15682,0,15682,15682.0,15682.0,CORRECT
2929534,127,2026-05-13 18:00:00,15682,0,15682,15682.0,15682.0,CORRECT
2929795,127,2026-05-13 19:00:00,15682,0,15682,15682.0,15682.0,CORRECT
2930061,127,2026-05-13 20:00:00,15682,0,15682,15682.0,15682.0,CORRECT
2930339,127,2026-05-13 21:00:00,15682,0,15682,15682.0,15682.0,CORRECT
2943257,61,2026-05-16 02:35:00,21611,0,21611,21456.0,21456.0,CORRECT
2943253,62,2026-05-16 02:35:00,112266,0,112266,112156.0,112156.0,CORRECT
2943255,63,2026-05-16 02:35:00,16158,0,16158,16158.0,16158.0,CORRECT
2943434,209,2026-05-16 03:00:00,36136,0,36136,35506.0,35506.0,CORRECT
2943435,210,2026-05-16 03:00:00,3471085,0,3471085,3470089.0,3470089.0,CORRECT
2943436,211,2026-05-16 03:00:00,1927484,0,1927484,1927163.0,1927163.0,CORRECT
